totSellamnt,returnValue,drwNoDate,firstWinamnt,firstPrzwnerCo,bnusNo,drwNo,drwtNo1,drwtNo2,drwtNo3,drwtNo4,drwtNo5,drwtNo6,firstAccumamnt
3681782000,success,2002-12-07,0,0,16,1,10,23,29,33,37,40,863604600
4904274000,success,2002-12-14,2002006800,1,2,2,9,13,21,25,32,42,0
4729342000,success,2002-12-21,2000000000,1,30,3,11,16,19,21,27,31,0
5271464000,success,2002-12-28,0,0,2,4,14,27,30,31,40,42,1267147200
6277102000,success,2003-01-04,0,0,3,5,16,24,29,40,41,42,3041094900
15305356000,success,2003-01-11,6574451700,1,34,6,14,15,26,27,40,42,0
12794890000,success,2003-01-18,0,0,42,7,2,9,16,25,26,40,2600913000
20751450000,success,2003-01-25,0,0,9,8,8,19,25,34,37,39,7336896000
73624020000,success,2003-02-01,0,0,14,9,2,4,16,17,36,39,25803852000
260856392000,success,2003-02-08,6430437900,13,6,10,9,25,30,33,41,44,0
91925306000,success,2003-02-15,4780152300,5,14,11,1,7,36,37,41,42,0
76255508000,success,2003-02-22,1348845700,12,44,12,2,11,21,25,39,45,0
66532136000,success,2003-03-01,0,0,26,13,22,23,25,37,38,42,15599134800
99838648000,success,2003-03-08,9375048300,4,15,14,2,6,12,31,33,40,0
73264910000,success,2003-03-15,17014245000,1,13,15,3,4,16,30,31,37,0
75777348000,success,2003-03-22,4377146100,4,33,16,6,7,24,37,38,40,0
72718152000,success,2003-03-29,5349491200,3,1,17,3,4,9,17,32,37,0
66371660000,success,2003-04-05,0,0,29,18,3,12,13,19,32,35,15751560000
105957818000,success,2003-04-12,40722959400,1,26,19,6,30,38,39,40,43,0
81056776000,success,2003-04-19,19352212800,1,41,20,10,14,18,20,23,30,0
84247142000,success,2003-04-26,797475400,23,21,21,6,12,17,18,31,32,0
79455152000,success,2003-05-03,4552194900,4,25,22,4,5,6,8,17,39,0
77374256000,success,2003-05-10,4317947700,4,44,23,5,13,17,18,33,42,0
78486634000,success,2003-05-17,0,0,6,24,7,8,27,29,36,43,19010560200
120073768000,success,2003-05-24,24227745300,2,16,25,2,4,21,26,43,44,0
80193026000,success,2003-05-31,3495069900,5,31,26,4,5,7,18,20,25,0
76145050000,success,2003-06-07,9543982500,2,27,27,1,20,26,28,37,43,0
75448366000,success,2003-06-14,1700361100,10,1,28,9,18,23,25,35,37,0
74523120000,success,2003-06-21,3552594000,5,11,29,1,5,13,34,39,40,0
72399690000,success,2003-06-28,8728555500,2,4,30,8,17,20,35,36,44,0
71317306000,success,2003-07-05,8106672900,2,32,31,7,9,18,23,28,35,0
71179198000,success,2003-07-12,1634528300,10,11,32,6,14,19,25,34,44,0
67457252000,success,2003-07-19,14903517600,1,9,33,4,7,32,33,40,41,0
69389894000,success,2003-07-26,3056918000,5,2,34,9,26,35,37,40,42,0
66143062000,success,2003-08-02,5054598200,3,39,35,2,3,11,26,37,43,0
66856686000,success,2003-08-09,16014475800,1,31,36,1,10,23,26,28,40,0
65509794000,success,2003-08-16,4985999400,3,42,37,7,27,30,33,35,37,0
67369284000,success,2003-08-23,5374866400,3,36,38,16,17,22,30,37,43,0
66094476000,success,2003-08-30,2623748800,6,8,39,6,7,13,15,21,43,0
65699086000,success,2003-09-06,1147652400,13,6,40,7,13,18,19,25,26,0
57624562000,success,2003-09-13,0,0,34,41,13,20,23,35,38,43,13784904600
119909740000,success,2003-09-20,6899280100,6,1,42,17,18,19,21,23,32,0
74686296000,success,2003-09-27,17749630800,1,1,43,6,31,35,38,39,44,0
69956950000,success,2003-10-04,3362155800,5,39,44,3,11,21,30,38,45,0
71216232000,success,2003-10-11,8356417800,2,17,45,1,10,20,27,33,35,0
68181568000,success,2003-10-18,5327758800,3,39,46,8,13,15,23,31,38,0
67756694000,success,2003-10-25,3250042400,5,27,47,14,17,26,31,36,45,0
65806832000,success,2003-11-01,2415673600,6,3,48,6,10,18,26,37,38,0
64501142000,success,2003-11-08,1967504600,7,30,49,4,7,16,19,33,40,0
65563234000,success,2003-11-15,5227061400,3,1,50,2,10,12,15,22,44,0
62553680000,success,2003-11-22,2421117000,6,35,51,2,3,11,16,26,44,0
64393446000,success,2003-11-29,3900844900,4,1,52,2,4,15,16,20,29,0
64996010000,success,2003-12-06,5014371000,3,42,53,7,8,14,32,33,39,0
63833006000,success,2003-12-13,5148626600,3,37,54,1,8,21,27,36,39,0
62195764000,success,2003-12-20,7088799600,2,7,55,17,21,31,37,40,44,0
65258932000,success,2003-12-27,3777570900,4,19,56,10,14,30,31,33,37,0
70132666000,success,2004-01-03,4114411900,4,6,57,7,10,16,25,29,44,0
66638136000,success,2004-01-10,3676429200,4,1,58,10,24,25,33,40,44,0
67563698000,success,2004-01-17,4127587300,4,13,59,6,29,36,39,41,45,0
65405936000,success,2004-01-24,2172504600,7,11,60,2,8,25,36,39,42,0
73312994000,success,2004-01-31,3541038800,5,8,61,14,15,19,30,38,43,0
66740368000,success,2004-02-07,15817286400,1,21,62,3,8,15,27,29,35,0
67074050000,success,2004-02-14,7922245500,2,5,63,3,20,23,36,38,40,0
65085154000,success,2004-02-21,3899818000,4,39,64,14,15,18,21,26,36,0
66685144000,success,2004-02-28,3727945800,4,39,65,4,25,33,36,40,43,0
63378796000,success,2004-03-06,3685138200,4,45,66,2,3,7,17,22,24,0
64314872000,success,2004-03-13,2114436500,7,33,67,3,7,10,15,36,38,0
63813236000,success,2004-03-20,2945882100,5,38,68,10,12,15,16,26,39,0
63711302000,success,2004-03-27,4962712200,3,35,69,5,8,14,15,19,39,0
63232578000,success,2004-04-03,5031277800,3,26,70,5,19,22,25,28,43,0
62889986000,success,2004-04-10,0,0,21,71,5,9,12,16,29,41,14909209800
125651214000,success,2004-04-17,3260524600,13,1,72,2,4,11,17,26,27,0
72635862000,success,2004-04-24,2766662100,6,38,73,3,12,18,32,40,43,0
68902158000,success,2004-05-01,5284949800,3,23,74,6,15,17,18,35,40,0
66138372000,success,2004-05-08,3914616900,4,28,75,2,5,24,32,34,44,0
65083924000,success,2004-05-15,7451022600,2,43,76,1,3,15,22,25,37,0
64420666000,success,2004-05-22,5155758600,3,37,77,2,18,29,32,43,44,0
61257794000,success,2004-05-29,3519850000,4,38,78,10,13,25,29,33,35,0
60390004000,success,2004-06-05,3416443800,4,14,79,3,12,24,27,30,32,0
60160440000,success,2004-06-12,13809540000,1,1,80,17,18,24,25,26,30,0
60983308000,success,2004-06-19,2714288880,5,6,81,5,7,11,13,20,33,0
61302808000,success,2004-06-26,14562494400,1,39,82,1,2,3,14,27,42,0
62512062000,success,2004-07-03,7086948300,2,14,83,6,10,15,17,19,34,0
62780760000,success,2004-07-10,7669779000,2,11,84,16,23,27,34,42,45,0
59451304000,success,2004-07-17,3462109800,4,21,85,6,8,13,23,31,36,0
59835968000,success,2004-07-24,14252186400,1,33,86,2,12,37,39,41,45,0
83793642000,success,2004-07-31,1799358055,11,26,87,4,12,16,23,34,43,0
51910612000,success,2004-08-07,3069709650,4,27,88,1,17,20,24,30,41,0
55102179000,success,2004-08-14,4248321900,3,37,89,4,26,28,29,33,40,0
55493544000,success,2004-08-21,3291435300,4,10,90,17,20,29,35,38,44,0
59061052000,success,2004-08-28,3582902400,4,27,91,1,21,24,26,29,42,0
58296001000,success,2004-09-04,1233270846,11,17,92,3,14,24,33,35,36,0
57236313000,success,2004-09-11,2269178150,6,19,93,6,22,24,36,38,44,0
57144729000,success,2004-09-18,2245339950,6,6,94,5,32,34,40,41,45,0
60077493000,success,2004-09-25,1747741238,8,14,95,8,17,27,31,34,43,0
54217572000,success,2004-10-02,1847133515,7,20,96,1,3,8,21,22,31,0
57713200000,success,2004-10-09,1496214000,9,3,97,6,7,14,15,20,36,0
56231084000,success,2004-10-16,3177972300,4,43,98,6,9,16,23,24,32,0
56207491000,success,2004-10-23,2169219050,6,11,99,1,3,10,27,29,37,0
56561977000,success,2004-10-30,3315315525,4,6,100,1,7,11,23,37,42,0
57585065000,success,2004-11-06,2707297500,5,8,101,1,3,17,32,35,45,0
56937962000,success,2004-11-13,1457153067,9,42,102,17,22,24,26,35,40,0
57420615000,success,2004-11-20,1691589563,8,10,103,5,14,15,27,30,45,0
56533705000,success,2004-11-27,6610743750,2,35,104,17,32,33,34,42,44,0
57479716000,success,2004-12-04,3416781450,4,28,105,8,10,20,34,41,45,0
57384485000,success,2004-12-11,810461157,16,29,106,4,10,12,22,24,33,0
57545202000,success,2004-12-18,6679927800,2,17,107,1,4,5,6,9,31,0
58875228000,success,2004-12-25,1998900772,7,12,108,7,18,22,23,29,44,0
62584098000,success,2005-01-01,1246838200,12,33,109,1,5,34,36,42,44,0
57625490000,success,2005-01-08,4566262000,3,1,110,7,20,22,23,29,43,0
57876999000,success,2005-01-15,2199047450,6,27,111,7,18,31,33,36,40,0
59292005000,success,2005-01-22,1567271167,9,43,112,26,29,30,33,41,42,0
59258248000,success,2005-01-29,1561528934,9,26,113,4,9,28,33,36,45,0
60079401000,success,2005-02-05,2362345050,6,2,114,11,14,19,26,28,41,0
59130557000,success,2005-02-12,1488589567,9,31,115,1,2,6,9,25,28,0
61606084000,success,2005-02-19,1997747315,7,17,116,2,4,25,31,34,37,0
59429610000,success,2005-02-26,1558378334,9,35,117,5,10,22,34,36,44,0
57171934000,success,2005-03-05,1297989720,10,38,118,3,4,10,17,19,22,0
57800632000,success,2005-03-12,1474899400,9,38,119,3,11,13,14,17,21,0
57418983000,success,2005-03-19,4364530300,3,30,120,4,6,10,11,32,37,0
57134544000,success,2005-03-26,6839648100,2,9,121,12,28,30,34,38,43,0
56171704000,success,2005-04-02,1450073800,9,8,122,1,11,16,17,36,40,0
54097448000,success,2005-04-09,2532982680,5,27,123,7,17,18,28,30,45,0
54180838000,success,2005-04-16,1395936267,9,1,124,4,16,23,25,29,42,0
53149705000,success,2005-04-23,1754870786,7,18,125,2,8,32,33,35,36,0
52748965000,success,2005-04-30,1369301500,9,1,126,7,20,22,27,40,43,0
50752603000,success,2005-05-07,1965939150,6,35,127,3,5,10,29,32,43,0
52310392000,success,2005-05-14,2064043100,6,39,128,12,30,34,36,37,45,0
51555754000,success,2005-05-21,1093629655,11,17,129,19,23,25,28,38,42,0
51359012000,success,2005-05-28,3036496650,4,31,130,7,19,24,27,42,45,0
50231773000,success,2005-06-04,1451214488,8,37,131,8,10,11,14,15,21,0
49921897000,success,2005-06-11,2920473525,4,43,132,3,17,23,34,41,45,0
50889926000,success,2005-06-18,1450242600,8,13,133,4,7,15,18,23,26,0
50445575000,success,2005-06-25,2349155100,5,43,134,3,12,20,23,31,35,0
51062672000,success,2005-07-02,1717293515,7,16,135,6,14,22,28,35,39,0
51144633000,success,2005-07-09,1997694150,6,11,136,2,16,30,36,41,42,0
49978654000,success,2005-07-16,1270403467,9,15,137,7,9,20,25,36,39,0
47688450000,success,2005-07-23,2227152000,5,19,138,10,11,27,28,37,39,0
48371085000,success,2005-07-30,1650210215,7,13,139,9,11,15,20,28,43,0
45983464000,success,2005-08-06,2109462840,5,8,140,3,13,17,18,19,28,0
48016958000,success,2005-08-13,1900552400,6,2,141,8,12,29,31,42,43,0
48012844000,success,2005-08-20,1018265564,11,19,142,12,16,30,34,40,44,0
49415357000,success,2005-08-27,3954584700,3,8,143,26,27,28,42,43,45,0
49202521000,success,2005-09-03,1402440413,8,43,144,4,15,17,26,36,37,0
48913832000,success,2005-09-10,3797838200,3,9,145,2,3,13,20,27,44,0
50677555000,success,2005-09-17,6043415250,2,25,146,2,19,27,35,41,42,0
50345605000,success,2005-09-24,1700040215,7,36,147,4,6,13,21,40,42,0
49523247000,success,2005-10-01,2323596420,5,17,148,21,25,33,34,35,36,0
48406950000,success,2005-10-08,1639052143,7,27,149,2,11,21,34,41,42,0
48763778000,success,2005-10-15,2831645850,4,16,150,2,18,25,28,37,39,0
47357067000,success,2005-10-22,2716634025,4,15,151,1,2,10,13,18,19,0
48180334000,success,2005-10-29,2278131840,5,43,152,1,5,13,26,29,34,0
47777735000,success,2005-11-05,2730526125,4,33,153,3,8,11,12,13,36,0
48022386000,success,2005-11-12,2836628700,4,20,154,6,19,21,35,40,45,0
46140202000,success,2005-11-19,1193005734,9,4,155,16,19,20,32,33,41,0
47344584000,success,2005-11-26,1401099900,8,2,156,5,18,28,30,42,45,0
46853365000,success,2005-12-03,5484903750,2,37,157,19,26,30,33,35,39,0
46368888000,success,2005-12-10,1069544340,10,7,158,4,9,13,18,21,34,0
44311926000,success,2005-12-17,1755407300,6,32,159,1,18,30,41,42,43,0
46833239000,success,2005-12-24,5490805350,2,1,160,3,7,8,34,39,41,0
53096453000,success,2005-12-31,1996876272,7,44,161,22,34,36,40,42,45,0
49050086000,success,2006-01-07,2308265760,5,24,162,1,5,21,25,38,41,0
49018952000,success,2006-01-14,1629726515,7,16,163,7,11,26,28,29,44,0
53052119000,success,2006-01-21,4054937900,3,27,164,6,9,10,11,39,41,0
58088118000,success,2006-01-28,6767426700,2,31,165,5,13,18,19,22,42,0
52157466000,success,2006-02-04,1111299982,11,14,166,9,12,27,36,39,45,0
52744392000,success,2006-02-11,2491222920,5,4,167,24,27,28,30,36,39,0
51496212000,success,2006-02-18,2349946920,5,30,168,3,10,31,40,42,43,0
52076183000,success,2006-02-25,2482888380,5,19,169,16,27,35,37,43,45,0
49718245000,success,2006-03-04,1923108250,6,10,170,2,11,13,15,31,42,0
50357474000,success,2006-03-11,1961339700,6,1,171,4,16,25,29,34,35,0
50758266000,success,2006-03-18,1081154073,11,35,172,4,19,21,24,26,41,0
52286521000,success,2006-03-25,1487736788,8,18,173,3,9,24,30,33,34,0
52340568000,success,2006-04-01,1771103058,7,16,174,13,14,18,22,35,39,0
50895147000,success,2006-04-08,2371132620,5,17,175,19,26,28,31,33,36,0
50488528000,success,2006-04-15,2314663080,5,15,176,4,17,30,32,33,34,0
50480325000,success,2006-04-22,1693285500,7,6,177,1,10,13,16,37,43,0
49582758000,success,2006-04-29,2254621080,5,9,178,1,5,11,12,18,23,0
47291694000,success,2006-05-06,1081093920,10,32,179,5,9,17,25,39,43,0
48895477000,success,2006-05-13,5763371550,2,22,180,2,15,20,21,29,34,0
49124446000,success,2006-05-20,1941763300,6,44,181,14,21,23,32,40,45,0
47222594000,success,2006-05-27,3721439400,3,35,182,13,15,27,29,34,40,0
45938460000,success,2006-06-03,1777221500,6,5,183,2,18,24,34,40,42,0
45503351000,success,2006-06-10,1747753050,6,41,184,1,2,6,16,20,33,0
45783088000,success,2006-06-17,3522485800,3,14,185,1,2,4,8,19,38,0
45484428000,success,2006-06-24,1187882600,9,9,186,4,10,14,19,21,45,0
45855961000,success,2006-07-01,1544733900,7,42,187,1,2,8,18,29,38,0
45176242000,success,2006-07-08,3501405200,3,36,188,19,24,27,30,31,34,0
43650551000,success,2006-07-15,3461775100,3,28,189,8,14,32,35,37,45,0
44864459000,success,2006-07-22,1784159450,6,15,190,8,14,18,30,31,44,0
44534869000,success,2006-07-29,2577114675,4,8,191,5,6,24,25,32,37,0
42035065000,success,2006-08-05,2445348375,4,33,192,4,8,11,18,37,45,0
43788477000,success,2006-08-12,3404449700,3,13,193,6,14,18,26,36,39,0
44511515000,success,2006-08-19,2650567875,4,28,194,15,20,23,26,39,44,0
44374725000,success,2006-08-26,918992591,11,31,195,7,10,19,22,35,40,0
45773496000,success,2006-09-02,727876520,15,30,196,35,36,37,41,44,45,0
45993306000,success,2006-09-09,1803018300,6,4,197,7,12,16,34,42,45,0
45614021000,success,2006-09-16,1797855050,6,2,198,12,19,20,25,41,45,0
45021068000,success,2006-09-23,5344252200,2,43,199,14,21,22,25,30,36,0
46640423000,success,2006-09-30,1344616613,8,7,200,5,6,13,14,17,20,0
42254768000,success,2006-10-07,9719465400,1,26,201,3,11,24,38,39,44,0
48304034000,success,2006-10-14,1893391700,6,17,202,12,14,27,33,39,44,0
47033359000,success,2006-10-21,2164564740,5,7,203,1,3,11,24,30,32,0
46077750000,success,2006-10-28,1358347125,8,5,204,3,12,14,35,40,45,0
46330516000,success,2006-11-04,1835221800,6,30,205,1,3,21,29,35,37,0
44326979000,success,2006-11-11,2032859340,5,43,206,1,2,3,15,20,25,0
45282336000,success,2006-11-18,2104673760,5,38,207,3,11,14,31,32,37,0
45516378000,success,2006-11-25,1760767400,6,24,208,14,25,31,34,40,44,0
43753377000,success,2006-12-02,1660896350,6,37,209,2,7,18,20,24,33,0
44757963000,success,2006-12-09,5139085950,2,39,210,10,19,22,23,25,37,0
45332675000,success,2006-12-16,1035800250,10,8,211,12,13,17,20,33,41,0
46139120000,success,2006-12-23,2660747250,4,8,212,11,12,18,21,31,38,0
48745094000,success,2006-12-30,1376678025,8,42,213,2,3,4,5,20,24,0
49195740000,success,2007-01-06,1406980875,8,32,214,5,7,20,25,28,37,0
47675761000,success,2007-01-13,1587689615,7,4,215,2,3,7,15,43,44,0
48342018000,success,2007-01-20,848506108,13,1,216,7,16,17,33,36,40,0
48260644000,success,2007-01-27,1611246172,7,38,217,16,20,27,33,35,39,0
47018314000,success,2007-02-03,2779075800,4,20,218,1,8,14,18,29,44,0
46903745000,success,2007-02-10,1208409167,9,16,219,4,11,20,26,35,37,0
50383399000,success,2007-02-17,1958094950,6,31,220,5,11,19,21,34,43,0
47674135000,success,2007-02-24,1800104250,6,10,221,2,20,33,35,37,40,0
47735197000,success,2007-03-03,2275193820,5,44,222,5,7,28,29,39,43,0
46036874000,success,2007-03-10,1498170600,7,38,223,1,3,18,20,26,27,0
46435109000,success,2007-03-17,1808969950,6,7,224,4,19,26,27,30,42,0
46352016000,success,2007-03-24,1777201800,6,7,225,5,11,13,19,31,36,0
45145643000,success,2007-03-31,1744100150,6,34,226,2,6,8,14,21,22,0
44444776000,success,2007-04-07,5253542400,2,2,227,4,5,15,16,22,42,0
44764100000,success,2007-04-14,1146700334,9,23,228,17,25,35,36,39,44,0
44762989000,success,2007-04-21,1451441100,7,35,229,4,5,9,11,23,38,0
44191351000,success,2007-04-28,1292929163,8,12,230,5,11,14,29,32,33,0
42355627000,success,2007-05-05,1088365900,9,27,231,5,10,19,31,44,45,0
43564632000,success,2007-05-12,1110918400,9,35,232,8,9,10,12,24,44,0
43516805000,success,2007-05-19,999153750,10,39,233,4,6,13,17,28,40,0
42814085000,success,2007-05-26,2519743875,4,4,234,13,21,22,24,26,37,0
43347391000,success,2007-06-02,3433330100,3,8,235,21,22,26,27,31,37,0
42941871000,success,2007-06-09,5030040150,2,7,236,1,4,8,13,37,39,0
43358287000,success,2007-06-16,1440630729,7,33,237,1,11,17,21,24,44,0
42952477000,success,2007-06-23,1121660567,9,35,238,2,4,15,28,31,34,0
43296565000,success,2007-06-30,1134140167,9,7,239,11,15,24,39,41,44,0
43603443000,success,2007-07-07,5098251450,2,21,240,6,10,16,40,41,43,0
43246894000,success,2007-07-14,2552016300,4,21,241,2,16,24,27,28,35,0
42679760000,success,2007-07-21,1234542375,8,43,242,4,19,20,21,32,34,0
41304830000,success,2007-07-28,2408850000,4,34,243,2,12,17,19,28,42,0
39411047000,success,2007-08-04,9121583100,1,19,244,13,16,25,36,37,38,0
41854623000,success,2007-08-11,1382583129,7,22,245,9,11,27,31,32,38,0
41453154000,success,2007-08-18,1911774240,5,15,246,13,18,21,23,26,39,0
42231698000,success,2007-08-25,1669313900,6,13,247,12,15,28,36,39,40,0
42348403000,success,2007-09-01,1227479363,8,13,248,3,8,17,23,38,45,0
42539134000,success,2007-09-08,1663568700,6,11,249,3,8,27,31,41,44,0
42122808000,success,2007-09-15,1994726280,5,38,250,19,23,30,37,43,45,0
44493014000,success,2007-09-22,1282616400,8,45,251,6,7,19,25,28,38,0
41207920000,success,2007-09-29,1391089715,7,28,252,14,23,26,31,39,45,0
42309347000,success,2007-10-06,2466189525,4,33,253,8,19,25,31,34,36,0
42259113000,success,2007-10-13,9741015900,1,27,254,1,5,19,20,24,30,0
41425341000,success,2007-10-20,1598618550,6,32,255,1,5,6,24,27,42,0
41996580000,success,2007-10-27,4891017000,2,32,256,4,11,14,21,23,43,0
41433637000,success,2007-11-03,2391377025,4,4,257,6,13,27,31,32,37,0
41364428000,success,2007-11-10,2426434350,4,17,258,14,27,30,31,38,40,0
40905570000,success,2007-11-17,4838533500,2,34,259,4,5,14,35,42,45,0
40140211000,success,2007-11-24,2310085575,4,43,260,7,12,15,24,37,40,0
41215041000,success,2007-12-01,3192299100,3,2,261,6,11,16,18,31,43,0
39232234000,success,2007-12-08,4518741600,2,36,262,9,12,24,25,29,31,0
39677128000,success,2007-12-15,1551704900,6,18,263,1,27,28,32,37,40,0
39783178000,success,2007-12-22,1344889200,7,5,264,9,16,27,36,41,44,0
40913922000,success,2007-12-29,1200838575,8,12,265,5,9,34,37,38,39,0
41937067000,success,2008-01-05,3207211700,3,37,266,3,4,9,11,22,42,0
41835853000,success,2008-01-12,3257663300,3,1,267,7,8,24,34,36,41,0
41213802000,success,2008-01-19,1350954515,7,12,268,3,10,19,24,32,45,0
41357619000,success,2008-01-26,1961399940,5,32,269,5,18,20,36,42,43,0
41845351000,success,2008-02-02,1927830060,5,27,270,5,9,12,20,21,26,0
40879633000,success,2008-02-09,1565918150,6,36,271,3,8,9,27,29,40,0
43310674000,success,2008-02-16,1104622800,9,28,272,7,9,12,27,39,43,0
42816211000,success,2008-02-23,3339543100,3,6,273,1,8,24,31,34,44,0
42631711000,success,2008-03-01,2505085575,4,25,274,13,14,15,26,35,39,0
42329813000,success,2008-03-08,10044066900,1,26,275,14,19,20,35,38,40,0
42567610000,success,2008-03-15,3312569000,3,25,276,4,15,21,33,39,41,0
41868708000,success,2008-03-22,3272627800,3,20,277,10,12,13,15,25,29,0
41088180000,success,2008-03-29,3186530000,3,13,278,3,11,37,39,41,43,0
41130542000,success,2008-04-05,1914205320,5,11,279,7,16,31,36,37,38,0
40673999000,success,2008-04-12,1355258529,7,35,280,10,11,23,24,36,37,0
40800514000,success,2008-04-19,1554683200,6,12,281,1,3,4,6,14,41,0
41051175000,success,2008-04-26,1322052643,7,30,282,2,5,10,18,31,32,0
40133316000,success,2008-05-03,3137224600,3,42,283,6,8,18,31,38,45,0
39773403000,success,2008-05-10,3117640300,3,28,284,2,7,15,24,30,45,0
40364871000,success,2008-05-17,3164370100,3,2,285,13,33,37,40,41,45,0
40944483000,success,2008-05-24,3236566300,3,17,286,1,15,19,40,42,44,0
40623489000,success,2008-05-31,1328657100,7,41,287,6,12,24,27,35,37,0
39970134000,success,2008-06-07,2357261550,4,10,288,1,12,17,28,35,41,0
39406643000,success,2008-06-14,0,0,10,289,3,14,33,37,38,42,9181683900
80362302000,success,2008-06-21,2149214424,13,7,290,8,13,18,32,39,45,0
44143418000,success,2008-06-28,1450585200,7,45,291,3,7,8,18,20,42,0
43394631000,success,2008-07-05,720373950,14,10,292,17,18,31,32,33,34,0
42399708000,success,2008-07-12,1656764400,6,24,293,1,9,17,21,29,33,0
41563813000,success,2008-07-19,2406504975,4,40,294,6,10,17,30,37,38,9626019900
42248135000,success,2008-07-26,0,0,8,295,1,4,12,16,18,38,9823300500
63377899000,success,2008-08-02,3066088275,8,44,296,3,8,15,27,30,45,24528706200
43641475000,success,2008-08-09,5056668750,2,34,297,6,11,19,20,28,32,10113337500
43151675000,success,2008-08-16,9909778500,1,19,298,5,9,27,29,37,40,9909778500
44463909000,success,2008-08-23,1483772529,7,24,299,1,3,20,25,36,45,10386407700
44465047000,success,2008-08-30,836092425,12,39,300,7,9,10,12,26,38,10033109100
44377177000,success,2008-09-06,1447385015,7,26,301,7,11,13,33,37,43,10131695100
46382605000,success,2008-09-13,5472167250,2,4,302,13,19,20,32,38,42,10944334500
42841760000,success,2008-09-20,1672749000,6,43,303,2,14,17,30,38,45,10036494000
43158653000,success,2008-09-27,1661646150,6,38,304,4,10,16,26,33,41,9969876900
43960659000,success,2008-10-04,2008210140,5,9,305,7,8,18,21,23,39,10041050700
44421462000,success,2008-10-11,2102669520,5,19,306,4,18,23,30,34,41,10513347600
43880990000,success,2008-10-18,2587643250,4,12,307,5,15,21,23,25,45,10350573000
43339416000,success,2008-10-25,10232872800,1,40,308,14,15,17,19,37,45,10232872800
44157528000,success,2008-11-01,901622946,11,22,309,1,2,5,11,18,36,9917852400
43718082000,success,2008-11-08,1296713325,8,16,310,1,5,19,28,34,41,10373706600
43209215000,success,2008-11-15,1237691063,8,10,311,4,12,24,27,28,32,9901528500
42255391000,success,2008-11-22,629017820,15,25,312,2,3,5,6,12,20,9435267300
43672096000,success,2008-11-29,1715422800,6,2,313,9,17,34,35,43,45,10292536800
42328094000,success,2008-12-06,1660512200,6,2,314,15,17,19,34,38,41,9963073200
44339180000,success,2008-12-13,1308728625,8,23,315,1,13,33,35,43,45,10469829000
44073768000,success,2008-12-20,1673586400,6,43,316,10,11,21,27,31,39,10041518400
44135114000,success,2008-12-27,2576258550,4,8,317,3,10,11,22,36,39,10305034200
46663728000,success,2009-01-03,1207436600,9,21,318,2,17,19,20,34,45,10866929400
45435183000,success,2009-01-10,2135659380,5,37,319,5,8,22,28,33,42,10678296900
46659886000,success,2009-01-17,5513067900,2,3,320,16,19,23,25,41,45,11026135800
50617982000,success,2009-01-24,1959136100,6,42,321,12,18,20,21,25,34,11754816600
48948294000,success,2009-01-31,1904544700,6,20,322,9,18,29,32,38,43,11427268200
49209477000,success,2009-02-07,1461025388,8,3,323,10,14,15,32,36,42,11688203100
47988317000,success,2009-02-14,1865130350,6,17,324,2,4,21,25,33,36,11190782100
46636979000,success,2009-02-21,1806122450,6,33,325,7,17,20,32,44,45,10836734700
47224551000,success,2009-02-28,1832134550,6,40,326,16,23,25,33,36,39,10992807300
45791560000,success,2009-03-07,882674750,12,24,327,6,12,13,17,32,44,10592097000
47316988000,success,2009-03-14,1819795900,6,24,328,1,6,9,16,17,28,10918775400
47198504000,success,2009-03-21,1830391200,6,4,329,9,17,19,30,35,42,10982347200
45859496000,success,2009-03-28,1162280200,9,23,330,3,4,16,17,19,20,10460521800
46641467000,success,2009-04-04,2165902620,5,39,331,4,9,14,26,31,44,10829513100
46042557000,success,2009-04-11,1359448388,8,3,332,16,17,34,36,42,45,10875587100
46019070000,success,2009-04-18,1550987143,7,35,333,5,14,27,30,39,43,10856910000
44439656000,success,2009-04-25,1523002972,7,33,334,13,15,21,29,39,43,10661020800
43977478000,success,2009-05-02,2037492480,5,21,335,5,9,16,23,26,45,10187462400
43069333000,success,2009-05-09,1685632650,6,16,336,3,5,20,34,35,44,10113795900
43432467000,success,2009-05-16,1257500513,8,4,337,1,5,14,18,32,37,10060004100
43136020000,success,2009-05-23,3383431000,3,16,338,2,13,34,38,42,45,10150293000
42035640000,success,2009-05-30,1096778334,9,45,339,6,8,14,21,30,37,9871005000
42892121000,success,2009-06-06,1439393186,7,32,340,18,24,26,29,34,38,10075752300
44722448000,success,2009-06-13,1497207772,7,41,341,1,8,19,34,39,43,10480454400
43782188000,success,2009-06-20,3454095800,3,25,342,1,13,14,33,34,43,10362287400
43656460000,success,2009-06-27,1717153000,6,15,343,1,10,17,29,31,43,10302918000
43838886000,success,2009-07-04,1467106543,7,38,344,1,2,15,28,34,45,10269745800
43530937000,success,2009-07-11,5203577550,2,2,345,15,20,23,29,39,42,10407155100
42862389000,success,2009-07-18,2017727340,5,33,346,5,13,14,22,44,45,10088636700
44219740000,success,2009-07-25,1456624286,7,10,347,3,8,13,27,32,42,10196370000
42786310000,success,2009-08-01,3299994000,3,34,348,3,14,17,20,24,31,9899982000
43433870000,success,2009-08-08,3353209000,3,36,349,5,13,14,20,24,25,10059627000
42681094000,success,2009-08-15,1101052467,9,35,350,1,8,18,24,29,33,9909472200
43947492000,success,2009-08-22,2583357150,4,33,351,5,25,27,29,34,36,10333428600
44719545000,success,2009-08-29,1732858250,6,24,352,5,16,17,20,26,41,10397149500
44552925000,success,2009-09-05,5290838250,2,26,353,11,16,19,22,29,36,10581676500
44709689000,success,2009-09-12,2124464340,5,1,354,14,19,36,43,44,45,10622321700
45017050000,success,2009-09-19,2145424800,5,38,355,5,8,29,30,35,44,10727124000
44684958000,success,2009-09-26,1157185267,9,24,356,2,8,14,25,29,45,10414667400
45232409000,success,2009-10-03,5313394350,2,5,357,10,14,18,21,36,37,10626788700
45651829000,success,2009-10-10,3472654900,3,37,358,1,9,10,12,21,40,10417964700
45288256000,success,2009-10-17,1286712600,8,23,359,1,10,19,20,24,40,10293700800
45719032000,success,2009-10-24,3566716200,3,27,360,4,16,23,25,35,40,10700148600
45062676000,success,2009-10-31,1473115115,7,33,361,5,10,16,24,27,35,10311805800
44336363000,success,2009-11-07,1729424650,6,29,362,2,3,22,27,30,40,10376547900
44863948000,success,2009-11-14,2615910600,4,6,363,11,12,14,21,32,38,10463642400
44192004000,success,2009-11-21,2531914800,4,4,364,2,5,7,14,16,40,10127659200
45806066000,success,2009-11-28,10697716800,1,31,365,5,15,21,25,26,30,10697716800
45962166000,success,2009-12-05,5351553900,2,38,366,5,12,19,26,27,44,10703107800
46459307000,success,2009-12-12,1581736586,7,19,367,3,22,25,29,32,44,11072156100
43746046000,success,2009-12-19,1465825115,7,26,368,11,21,24,30,39,45,10260775800
46716275000,success,2009-12-26,1842177750,6,21,369,17,20,35,36,41,43,11053066500
49762652000,success,2010-01-02,1678941943,7,17,370,16,18,24,42,44,45,11752593600
45843166000,success,2010-01-09,1524130543,7,18,371,7,9,15,26,27,42,10668913800
46167066000,success,2010-01-16,1192593200,9,13,372,8,11,14,16,18,21,10733338800
47095065000,success,2010-01-23,2791801125,4,9,373,15,26,37,42,43,45,11167204500
48081319000,success,2010-01-30,5528717850,2,26,374,11,13,15,17,25,34,11057435700
47864938000,success,2010-02-06,1581284058,7,7,375,4,8,19,25,27,45,11068988400
50657096000,success,2010-02-13,1956915800,6,7,376,1,11,13,24,28,40,11741494800
49218434000,success,2010-02-20,3912085400,3,23,377,6,22,29,37,43,45,11736256200
48866964000,success,2010-02-27,2317698240,5,43,378,5,22,29,31,34,39,11588491200
47537685000,success,2010-03-06,1598999786,7,19,379,6,10,22,31,35,40,11192998500
47164371000,success,2010-03-13,2684274825,4,27,380,1,2,8,17,26,37,10737099300
47943113000,success,2010-03-20,565738895,19,11,381,1,5,10,12,16,20,10749039900
47401288000,success,2010-03-27,1846674900,6,19,382,10,15,22,24,27,42,11080049400
46067051000,success,2010-04-03,3596522100,3,25,383,4,15,28,33,37,40,10789566300
46888942000,success,2010-04-10,3658734200,3,7,384,11,22,24,32,36,38,10976202600
46243483000,success,2010-04-17,1542032700,7,9,385,7,12,19,21,29,32,10794228900
45907331000,success,2010-04-24,1042953330,10,26,386,4,7,10,19,31,40,10429533300
45459960000,success,2010-05-01,2675533500,4,20,387,1,26,31,34,40,43,10702134000
44308705000,success,2010-05-08,2545543875,4,45,388,1,8,9,17,29,32,10182175500
45534027000,success,2010-05-15,2119027020,5,3,389,7,16,18,20,23,26,10595135100
44189673000,success,2010-05-22,10373997900,1,15,390,16,17,28,37,39,40,10373997900
45161516000,success,2010-05-29,10508749800,1,30,391,10,11,18,22,28,39,10508749800
45528684000,success,2010-06-05,1713528700,6,43,392,1,3,7,8,24,42,10281172200
45989116000,success,2010-06-12,1362003975,8,21,393,9,16,28,40,41,43,10896031800
45192337000,success,2010-06-19,10654349100,1,15,394,1,13,20,22,25,28,10654349100
46192580000,success,2010-06-26,1534635000,7,7,395,11,15,20,26,31,35,10742445000
45463736000,success,2010-07-03,5296622400,2,30,396,18,20,31,34,40,45,10593244800
45890007000,success,2010-07-10,3499519700,3,8,397,12,13,17,22,25,33,10498559100
45427304000,success,2010-07-17,2680625550,4,7,398,10,15,20,23,42,44,10722502200
45551786000,success,2010-07-24,1276854975,8,20,399,1,2,9,17,19,42,10214839800
45379731000,success,2010-07-31,2669834325,4,2,400,9,21,27,34,41,43,10679337300
43491965000,success,2010-08-07,1168214792,9,9,401,6,12,18,31,38,43,10513933125
45002946000,success,2010-08-14,2662206188,4,32,402,5,9,15,19,22,36,10648824750
44911335000,success,2010-08-21,2122396875,5,26,403,10,14,22,24,28,37,10611984375
45389825000,success,2010-08-28,3566659375,3,36,404,5,20,21,24,33,40,10699978125
45220904000,success,2010-09-04,3543878000,3,4,405,1,2,10,25,26,44,10631634000
46062206000,success,2010-09-11,2156142450,5,45,406,7,12,21,24,27,36,10780712250
48429586000,success,2010-09-18,1649707286,7,1,407,6,7,13,16,24,25,11547951000
46406711000,success,2010-09-25,2235375825,5,16,408,9,20,21,22,30,37,11176879125
47924584000,success,2010-10-02,2896989750,4,38,409,6,9,21,31,32,40,11587959000
47467817000,success,2010-10-09,1249335709,9,16,410,1,3,18,32,40,41,11244021375
47259122000,success,2010-10-16,953227563,12,5,411,11,14,22,35,37,39,11438730750
47066180000,success,2010-10-23,1656199822,7,40,412,4,7,39,41,42,45,11593398750
46925724000,success,2010-10-30,2814673500,4,3,413,2,9,15,23,34,40,11258694000
46910990000,success,2010-11-06,11703832500,1,43,414,2,14,15,22,23,44,11703832500
46746048000,success,2010-11-13,1334182407,8,24,415,7,17,20,26,30,40,10673459250
46854806000,success,2010-11-20,1072037100,10,44,416,5,6,8,11,22,26,10720371000
45968256000,success,2010-11-27,2818329938,4,44,417,4,5,14,20,22,43,11273319750
47058055000,success,2010-12-04,1435649766,8,31,418,11,13,15,26,28,34,11485198125
46508296000,success,2010-12-11,3796490750,3,7,419,2,11,13,14,28,30,11389472250
47345476000,success,2010-12-18,1424856375,8,27,420,4,9,10,29,31,34,11398851000
47752021000,success,2010-12-25,2321144325,5,30,421,6,11,26,27,28,44,11605721625
52730602000,success,2011-01-01,2205251375,6,12,422,8,15,19,21,34,44,13231508250
49668311000,success,2011-01-08,3896153875,3,5,423,1,17,27,28,29,40,11688461625
48728445000,success,2011-01-15,1109480813,10,30,424,10,11,26,31,34,44,11094808125
50459694000,success,2011-01-22,1534833000,8,3,425,8,10,14,27,33,38,12278664000
51466592000,success,2011-01-29,3057233625,4,19,426,4,17,18,27,39,43,12228934500
52511055000,success,2011-02-05,12571445625,1,21,427,6,7,15,24,28,30,12571445625
54685007000,success,2011-02-12,1437683209,9,8,428,12,16,19,22,37,40,12939148875
53993833000,success,2011-02-19,1485904709,9,16,429,3,23,28,34,39,42,13373142375
53194872000,success,2011-02-26,1611763219,8,44,430,1,3,16,18,30,34,12894105750
51661947000,success,2011-03-05,1268434013,10,6,431,18,22,25,31,38,45,12684340125
52348574000,success,2011-03-12,2299427550,5,33,432,2,3,5,11,27,39,11497137750
52396606000,success,2011-03-19,1182294410,11,27,433,19,23,29,33,35,43,13005238500
51579439000,success,2011-03-26,1480060266,8,35,434,3,13,20,24,33,37,11840482125
52341267000,success,2011-04-02,1287550013,10,42,435,8,16,26,30,38,45,12875500125
50869017000,success,2011-04-09,1512266579,8,28,436,9,14,20,22,33,34,12098132625
50798417000,success,2011-04-16,2096245438,6,21,437,11,16,29,38,41,44,12577472625
50370042000,success,2011-04-23,1377142167,9,45,438,6,12,20,26,29,38,12394279500
49680708000,success,2011-04-30,1900077375,6,25,439,17,20,30,31,37,40,11400464250
49810778000,success,2011-05-07,1995873000,6,2,440,10,22,28,34,36,44,11975238000
50272122000,success,2011-05-14,3170417063,4,9,441,1,23,28,30,34,35,12681668250
51219943000,success,2011-05-21,1413413042,9,41,442,25,27,29,36,38,40,12720717375
51236072000,success,2011-05-28,1327597584,9,14,443,4,6,10,19,20,44,11948378250
50673529000,success,2011-06-04,4154188625,3,17,444,11,13,23,35,43,45,12462565875
50053080000,success,2011-06-11,1791683036,7,32,445,13,20,21,30,39,45,12541781250
50595241000,success,2011-06-18,4051247625,3,6,446,1,11,12,14,26,35,12153742875
49555042000,success,2011-06-25,2657941125,4,34,447,2,7,8,9,17,33,10631764500
51341262000,success,2011-07-02,4026212750,3,36,448,3,7,13,27,40,41,12078638250
50214272000,success,2011-07-09,4059715250,3,36,449,3,10,20,26,35,43,12179145750
49732036000,success,2011-07-16,1990391625,6,13,450,6,14,19,21,23,31,11942349750
49861167000,success,2011-07-23,882138952,13,29,451,12,15,20,24,30,38,11467806375
48456758000,success,2011-07-30,1276902000,9,27,452,8,10,18,30,32,34,11492118000
48055125000,success,2011-08-06,2262732375,5,30,453,12,24,33,38,40,42,11313661875
48389211000,success,2011-08-13,1609125590,7,10,454,13,25,27,34,38,41,11263879125
48769851000,success,2011-08-20,1635711483,7,24,455,4,19,20,26,30,35,11449980375
49420681000,success,2011-08-27,1598505054,7,44,456,1,7,12,18,23,27,11189535375
49679052000,success,2011-09-03,1159902825,10,33,457,8,10,18,23,27,40,11599028250
53778256000,success,2011-09-10,1608812625,8,18,458,4,9,10,32,36,40,12870501000
49890095000,success,2011-09-17,1655842233,7,12,459,4,6,10,14,25,40,11590895625
51917635000,success,2011-09-24,3180895782,4,41,460,8,11,28,30,43,45,12723583125
50624588000,success,2011-10-01,1948674875,6,43,461,11,18,26,31,37,40,11692049250
49325555000,success,2011-10-08,1483559297,8,4,462,3,20,24,32,37,45,11868474375
49205151000,success,2011-10-15,0,0,40,463,23,29,31,33,34,44,12140599125
126772274000,success,2011-10-22,3355721106,13,4,464,6,12,15,34,42,44,43624374375
57793294000,success,2011-10-29,1923662893,7,31,465,1,8,11,13,22,38,13465640250
58314753000,success,2011-11-05,1530313459,9,20,466,4,10,13,23,32,44,13772821125
57383906000,success,2011-11-12,1435441084,9,39,467,2,12,14,17,24,40,12918969750
55598552000,success,2011-11-19,1527197167,9,17,468,8,13,15,28,37,43,13744774500
53364940000,success,2011-11-26,3330131250,4,33,469,4,21,22,34,37,38,13320525000
53912965000,success,2011-12-03,4333330625,3,27,470,10,16,20,39,41,42,12999991875
53492340000,success,2011-12-10,1939332858,7,43,471,6,13,29,37,39,41,13575330000
51929207000,success,2011-12-17,1809656090,7,44,472,16,25,26,31,36,43,12667592625
52867236000,success,2011-12-24,3250418063,4,34,473,8,13,20,22,23,36,13001672250
58978482000,success,2011-12-31,936690800,15,43,474,4,13,18,31,33,45,14050362000
56043275000,success,2012-01-07,1693923047,8,3,475,1,9,14,16,21,29,13551384375
55591819000,success,2012-01-14,3439851469,4,27,476,9,12,13,15,37,38,13759405875
60801409000,success,2012-01-21,1919011829,8,37,477,14,25,29,32,33,45,15352094625
54975901000,success,2012-01-28,987224759,14,8,478,18,29,30,37,39,43,13821146626
54848834000,success,2012-02-04,2233046500,6,24,479,8,23,25,27,35,44,13398279000
55415681000,success,2012-02-11,2996742282,4,16,480,3,5,10,17,30,31,11986969125
55642616000,success,2012-02-18,4639355750,3,20,481,3,4,23,29,40,41,13918067250
56201452000,success,2012-02-25,1897921179,7,43,482,1,10,16,24,25,35,13285448250
55582659000,success,2012-03-03,2567196675,5,5,483,12,15,19,22,28,34,12835983375
55885979000,success,2012-03-10,2305303063,6,11,484,1,3,27,28,32,45,13831818375
55692878000,success,2012-03-17,1501474917,9,20,485,17,22,26,27,36,39,13513274250
54540823000,success,2012-03-24,1008634125,13,43,486,1,2,23,25,38,40,13112243625
55276503000,success,2012-03-31,1638830766,8,21,487,4,8,25,27,37,41,13110646125
54213092000,success,2012-04-07,1330393575,10,25,488,2,8,17,30,31,38,13303935750
53558490000,success,2012-04-14,2106360625,6,11,489,2,4,8,15,20,27,12638163750
52590121000,success,2012-04-21,1860234161,7,42,490,2,7,26,29,40,43,13021639125
53413874000,success,2012-04-28,3304634438,4,4,491,8,17,35,36,39,42,13218537750
51693454000,success,2012-05-05,2493013800,5,42,492,22,27,31,35,37,40,12465069000
53231838000,success,2012-05-12,1451120334,9,25,493,20,22,26,33,36,37,13060083000
53321589000,success,2012-05-19,1054588407,12,22,494,5,7,8,15,30,43,12655060875
53645960000,success,2012-05-26,2111645000,6,6,495,4,13,22,27,34,44,12669870000
52915804000,success,2012-06-02,3285932250,4,39,496,4,13,20,29,36,41,13143729000
52411585000,success,2012-06-09,2222817813,6,13,497,19,20,23,24,43,44,13336906875
52851253000,success,2012-06-16,3244503094,4,3,498,13,14,24,32,39,41,12978012375
52767632000,success,2012-06-23,4070480250,3,43,499,5,20,23,27,35,40,12211440750
54012267000,success,2012-06-30,1351072375,9,41,500,3,4,12,20,24,34,12159651375
52717711000,success,2012-07-07,3025200094,4,2,501,1,4,10,17,31,42,12100800375
54000640000,success,2012-07-14,2201458125,6,26,502,6,22,28,32,34,40,13208748750
53572205000,success,2012-07-21,1853634911,7,40,503,1,5,27,30,34,36,12975444375
51787037000,success,2012-07-28,1443236959,9,31,504,6,14,22,26,43,44,12989132625
49103223000,success,2012-08-04,1917955188,6,44,505,7,20,22,25,38,40,11507731125
52363311000,success,2012-08-11,4073333875,3,31,506,6,9,11,22,24,30,12220001625
53638773000,success,2012-08-18,1416438875,9,4,507,12,13,32,33,40,41,12747949875
54010391000,success,2012-08-25,1599557860,8,37,508,5,27,31,34,35,43,12796462875
53390358000,success,2012-09-01,2689076100,5,24,509,12,25,29,35,42,43,13445380500
53964992000,success,2012-09-08,2644158150,5,42,510,12,29,32,33,39,40,13220790750
53970308000,success,2012-09-15,2165579250,6,24,511,3,7,14,23,26,42,12993475500
54017801000,success,2012-09-22,940094452,13,1,512,4,5,9,13,26,27,12221227875
58317548000,success,2012-09-29,4589624750,3,12,513,5,8,21,23,27,33,13768874250
54452404000,success,2012-10-06,4451055500,3,9,514,1,15,20,26,35,42,13353166500
55258935000,success,2012-10-13,13200466875,1,8,515,2,11,12,15,23,37,13200466875
56385762000,success,2012-10-20,1294190182,11,30,516,2,8,23,41,43,44,14236092000
54468223000,success,2012-10-27,2659057725,5,10,517,1,9,12,28,36,41,13295288625
55321566000,success,2012-11-03,2263804125,6,6,518,14,23,30,32,34,38,13582824750
55614206000,success,2012-11-10,1950601393,7,3,519,6,8,13,16,30,43,13654209750
55003797000,success,2012-11-17,2167205438,6,1,520,4,22,27,28,38,40,13003232625
56185373000,success,2012-11-24,1693420922,8,19,521,3,7,18,29,32,36,13547367375
57053378000,success,2012-12-01,2281623000,6,11,522,4,5,13,14,37,41,13689738000
53678449000,success,2012-12-08,1780355840,7,7,523,1,4,37,38,40,45,12462490875
55662103000,success,2012-12-15,3491695594,4,21,524,10,11,29,38,41,45,13966782375
55566007000,success,2012-12-22,1501132375,9,22,525,11,23,26,29,39,44,13510191375
56527807000,success,2012-12-29,1491031959,9,31,526,7,14,17,20,35,39,13419287625
56985634000,success,2013-01-05,1032386366,13,38,527,1,12,22,32,33,42,13421022750
57548541000,success,2013-01-12,1197889125,11,10,528,5,17,25,31,39,40,13176780375
57645779000,success,2013-01-19,1749114797,8,39,529,18,20,24,27,31,42,13992918375
56241083000,success,2013-01-26,1231656239,11,22,530,16,23,27,29,33,41,13548218625
57567064000,success,2013-02-02,1521519750,9,45,531,1,5,9,21,27,35,13693677750
61687384000,success,2013-02-09,2216896286,7,3,532,16,17,23,24,29,44,15518274000
59275357000,success,2013-02-16,1785671579,8,23,533,9,14,15,17,31,33,14285372625
59227462000,success,2013-02-23,14215763250,1,32,534,10,24,26,29,37,38,14215763250
60523884000,success,2013-03-02,4935603000,3,34,535,11,12,14,15,18,39,14806809000
59763469000,success,2013-03-09,1308523603,11,12,536,7,8,18,32,37,43,14393759625
59453323000,success,2013-03-16,2104038911,7,11,537,12,23,26,30,36,43,14728272375
59233373000,success,2013-03-23,4688021625,3,11,538,6,10,18,31,32,34,14064064875
59168870000,success,2013-03-30,1621036667,9,26,539,3,19,22,31,42,43,14589330000
56739658000,success,2013-04-06,1989365250,7,14,540,3,12,13,15,34,36,13925556750
57087047000,success,2013-04-13,1269327171,11,43,541,8,13,26,28,32,34,13962598875
56949161000,success,2013-04-20,2335152563,6,34,542,5,6,19,26,41,45,14010915375
56570245000,success,2013-04-27,1112934844,12,12,543,13,18,26,31,34,44,13355218125
56056189000,success,2013-05-04,1046388433,13,10,544,5,17,21,25,36,44,13603049625
55967171000,success,2013-05-11,1198994353,11,2,545,4,24,25,27,34,35,13188937875
56713166000,success,2013-05-18,405939950,30,6,546,8,17,20,27,37,43,12178198500
57968466000,success,2013-05-25,2838444450,5,28,547,6,7,15,22,34,39,14192222250
57771827000,success,2013-06-01,1736871891,8,14,548,1,12,13,21,32,45,13894975125
56864611000,success,2013-06-08,1760805047,8,17,549,29,31,35,38,40,44,14086440375
56441770000,success,2013-06-15,1118679205,11,41,550,1,7,14,20,34,37,12305471250
56989370000,success,2013-06-22,13526973750,1,25,551,3,6,20,24,27,44,13526973750
57602386000,success,2013-06-29,1330824225,10,43,552,1,10,20,32,35,40,13308242250
56487483000,success,2013-07-06,2249631438,6,37,553,2,7,17,28,29,39,13497788625
56124466000,success,2013-07-13,6813893625,2,6,554,13,14,17,32,41,42,13627787250
57273817000,success,2013-07-20,1711027360,8,12,555,11,17,21,24,26,36,13688218875
57374791000,success,2013-07-27,2005209161,7,43,556,12,20,23,28,30,44,14036464125
55086560000,success,2013-08-03,1888069286,7,31,557,4,20,26,28,35,40,13216485000
54939001000,success,2013-08-10,1315913663,10,29,558,12,15,19,26,40,43,13159136625
55733418000,success,2013-08-17,1926145608,7,23,559,11,12,25,32,44,45,13483019250
56565298000,success,2013-08-24,1976697215,7,28,560,1,4,20,23,29,45,13836880500
56638383000,success,2013-08-31,2753712225,5,20,561,5,7,18,37,42,45,13768561125
56288212000,success,2013-09-07,1166694614,11,33,562,4,11,13,17,20,31,12833640750
57320132000,success,2013-09-14,1932735643,7,21,563,5,10,16,17,31,32,13529149500
58012468000,success,2013-09-21,1934801143,7,2,564,14,19,25,26,27,34,13543608000
59556622000,success,2013-09-28,1742064469,8,38,565,4,10,18,27,40,45,13936515750
57666611000,success,2013-10-05,3508951032,4,41,566,4,5,6,25,26,43,14035804125
57439471000,success,2013-10-12,2318659438,6,28,567,1,10,15,16,32,41,13911956625
57681628000,success,2013-10-19,1305167550,10,40,568,1,3,17,20,31,44,13051675500
58441902000,success,2013-10-26,3467925188,4,1,569,3,6,13,23,24,35,13871700750
57654279000,success,2013-11-02,1527791625,9,42,570,1,12,26,27,29,33,13750124625
56493528000,success,2013-11-09,1966538465,7,29,571,11,18,21,26,38,43,13765769250
56473602000,success,2013-11-16,1668216188,8,1,572,3,13,18,33,37,45,13345729500
56092721000,success,2013-11-23,1645691766,8,14,573,2,4,20,34,35,43,13165534125
55882933000,success,2013-11-30,6965184938,2,2,574,14,15,16,19,25,43,13930369875
56330738000,success,2013-12-07,1699267875,8,6,575,2,8,20,30,33,34,13594143000
54691148000,success,2013-12-14,4321966000,3,13,576,10,11,15,25,35,41,12965898000
57010827000,success,2013-12-21,4484438375,3,33,577,16,17,22,31,34,37,13453315125
58584741000,success,2013-12-28,2796466575,5,16,578,5,12,14,32,34,42,13982332875
63532871000,success,2014-01-04,1396068444,11,39,579,5,7,20,22,37,42,15356752884
60514216000,success,2014-01-11,2028610500,7,33,580,5,7,9,11,32,35,14200273500
60257457000,success,2014-01-18,1844554547,8,33,581,3,5,14,20,42,44,14756436376
59306953000,success,2014-01-25,3560558719,4,25,582,2,12,14,33,40,41,14242234876
62675295000,success,2014-02-01,1341848353,11,24,583,8,17,27,33,40,44,14760331883
61343856000,success,2014-02-08,5033183250,3,36,584,7,18,30,39,40,41,15099549750
60253002000,success,2014-02-15,1620546334,9,4,585,6,7,10,16,38,41,14584917006
59502096000,success,2014-02-22,1778354344,8,5,586,2,7,12,15,21,34,14226834752
59715499000,success,2014-03-01,4974577375,3,17,587,14,21,29,31,32,37,14923732125
59533101000,success,2014-03-08,2889342075,5,30,588,2,8,15,22,25,41,14446710375
60643729000,success,2014-03-15,2136877983,7,22,589,6,8,28,33,38,39,14958145881
60003131000,success,2014-03-22,2185183983,7,23,590,20,30,36,38,41,45,15296287881
59373946000,success,2014-03-29,2964676200,5,5,591,8,13,14,30,38,39,14823381000
58097477000,success,2014-04-05,2356381688,6,43,592,2,5,6,13,28,44,14138290128
59368204000,success,2014-04-12,1532833500,9,28,593,9,10,13,24,33,38,13795501500
57764442000,success,2014-04-19,1255592796,11,3,594,2,8,13,25,28,37,13811520756
57797288000,success,2014-04-26,1744525219,8,5,595,8,24,28,35,38,40,13956201752
56561071000,success,2014-05-03,1328267663,10,17,596,3,4,12,14,25,43,13282676630
56832361000,success,2014-05-10,1057920606,13,37,597,8,10,23,24,35,43,13752967878
57518550000,success,2014-05-17,833998594,16,22,598,4,12,24,33,38,45,13343977504
57381791000,success,2014-05-24,1710918329,8,27,599,5,12,17,29,34,35,13687346632
56372519000,success,2014-05-31,901798725,15,44,600,5,11,14,27,29,36,13526980875
55868455000,success,2014-06-07,1524565209,9,37,601,2,16,19,31,34,35,13721086881
56262855000,success,2014-06-14,1689530860,8,2,602,13,14,22,27,30,38,13516246880
56276650000,success,2014-06-21,3452136563,4,28,603,2,19,25,26,27,43,13808546252
56266399000,success,2014-06-28,1229141557,11,30,604,2,6,18,21,33,34,13520557127
56622924000,success,2014-07-05,1394232250,9,42,605,1,2,7,9,10,38,12548090250
56928896000,success,2014-07-12,1311566850,10,22,606,1,5,6,14,20,39,13115668500
56806213000,success,2014-07-19,3494480907,4,13,607,8,14,23,36,38,39,13977923628
56146117000,success,2014-07-26,1943530018,7,41,608,4,8,18,19,39,44,13604710126
54858201000,success,2014-08-02,6339311438,2,13,609,4,8,27,34,39,40,12678622876
56862756000,success,2014-08-09,3516018375,4,33,610,14,18,20,23,28,36,14064073500
57411079000,success,2014-08-16,3502706157,4,14,611,2,22,27,33,36,37,14010824628
56931314000,success,2014-08-23,1181705250,11,40,612,6,9,18,19,25,33,12998757750
57986249000,success,2014-08-30,1549831209,9,35,613,7,8,11,16,41,44,13948480881
62301977000,success,2014-09-06,2540975438,6,18,614,8,21,25,39,40,44,15245852628
59072378000,success,2014-09-13,1535062417,9,35,615,10,17,18,19,23,27,13815561753
60303360000,success,2014-09-20,1611811250,9,3,616,5,13,18,23,40,45,14506301250
58958123000,success,2014-09-27,1629701860,8,28,617,4,5,11,12,24,27,13037614880
58550803000,success,2014-10-04,2881326225,5,15,618,8,16,25,30,42,43,14406631125
58822925000,success,2014-10-11,4612479375,3,21,619,6,8,13,30,35,40,13837438125
58342777000,success,2014-10-18,2028283233,7,40,620,2,16,17,32,39,45,14197982631
59407216000,success,2014-10-25,2359723500,6,9,621,1,2,6,16,19,42,14158341000
59601329000,success,2014-11-01,1630598292,9,24,622,9,15,16,21,28,34,14675384628
58504142000,success,2014-11-08,1813702594,8,25,623,7,13,30,39,41,45,14509620752
57832726000,success,2014-11-15,2763729450,5,16,624,1,7,19,26,27,35,13818647250
58614979000,success,2014-11-22,2765184675,5,13,625,3,6,7,20,21,39,13825923375
58986187000,success,2014-11-29,1717871110,8,15,626,13,14,26,33,40,43,13742968880
55981334000,success,2014-12-06,1352230650,10,12,627,2,9,22,25,31,45,13522306500
57253109000,success,2014-12-13,1499942875,9,11,628,1,7,12,15,23,42,13499485875
57618701000,success,2014-12-20,2919433575,5,1,629,19,28,31,38,43,44,14597167875
61335894000,success,2014-12-27,4836305500,3,15,630,8,17,21,24,27,31,14508916500
65300621000,success,2015-01-03,3919853532,4,8,631,1,2,4,23,31,34,15679414128
63066603000,success,2015-01-10,1432587716,11,6,632,15,18,21,32,35,44,15758464876
62015797000,success,2015-01-17,1217257094,12,13,633,9,12,19,20,39,41,14607085128
63149567000,success,2015-01-24,1077935106,13,38,634,4,10,11,12,20,27,14013156378
62429621000,success,2015-01-31,1855587235,8,32,635,11,13,25,26,29,33,14844697880
62786394000,success,2015-02-07,1832362219,8,26,636,6,7,15,16,20,31,14658897752
63504865000,success,2015-02-14,3899241094,4,23,637,3,16,22,37,38,44,15596964376
64319586000,success,2015-02-21,2229403179,7,6,638,7,18,22,24,31,34,15605822253
66202599000,success,2015-02-28,4061185219,4,40,639,6,15,22,23,25,32,16244740876
64080502000,success,2015-03-07,1728768834,9,23,640,14,15,18,21,26,35,15558919506
63773134000,success,2015-03-14,1990074563,8,12,641,11,18,21,36,37,43,15920596504
63544224000,success,2015-03-21,1251460438,12,32,642,8,17,18,24,39,45,15017525256
63110068000,success,2015-03-28,2535763625,6,13,643,15,24,31,32,33,40,15214581750
61846599000,success,2015-04-04,1831451204,8,8,644,5,13,17,23,28,36,14651609632
62661756000,success,2015-04-11,3696297750,4,31,645,1,4,16,26,40,41,14785191000
62308090000,success,2015-04-18,2215498393,7,30,646,2,9,24,41,43,45,15508488751
62314338000,success,2015-04-25,2189725608,7,29,647,5,16,21,23,24,30,15328079256
60874405000,success,2015-05-02,2120987947,7,4,648,13,19,28,37,38,43,14846915629
60473178000,success,2015-05-09,2948042100,5,20,649,3,21,22,33,41,42,14740210500
60991082000,success,2015-05-16,2849298900,5,35,650,3,4,7,11,31,41,14246494500
61494891000,success,2015-05-23,1855306454,8,18,651,11,12,16,26,29,44,14842451632
60426977000,success,2015-05-30,3003483525,5,20,652,3,13,15,40,41,44,15017417625
59716037000,success,2015-06-06,980958670,14,1,653,5,6,26,27,38,39,13733421380
60697813000,success,2015-06-13,1879301391,8,6,654,16,21,26,31,36,43,15034411128
60434801000,success,2015-06-20,1661439625,9,18,655,7,37,38,39,40,44,14952956625
61328118000,success,2015-06-27,7330002750,2,39,656,3,7,14,16,31,40,14660005500
61769837000,success,2015-07-04,1694762792,9,23,657,10,14,19,39,40,43,15252865128
61131243000,success,2015-07-11,1634031375,9,37,658,8,19,25,28,32,36,14706282375
61677747000,success,2015-07-18,1336604216,11,45,659,7,18,19,27,29,42,14702646376
60813322000,success,2015-07-25,1421272575,10,14,660,4,9,23,33,39,44,14212725750
59597375000,success,2015-08-01,1713025547,8,40,661,2,3,12,20,27,38,13704204376
59164542000,success,2015-08-08,1689733688,8,26,662,5,6,9,11,15,37,13517869504
61100704000,success,2015-08-15,2080244143,7,20,663,3,5,8,19,38,42,14561709001
61921689000,success,2015-08-22,1536801338,10,5,664,10,20,33,36,41,44,15368013380
61885874000,success,2015-08-29,3643230375,4,13,665,5,6,11,17,38,44,14572921500
62652917000,success,2015-09-05,2396901063,6,16,666,2,4,6,11,17,28,14381406378
63421632000,success,2015-09-12,2228764393,7,13,667,15,17,25,37,42,43,15601350751
63346405000,success,2015-09-19,2991158625,5,3,668,12,14,15,24,27,32,14955793125
67952211000,success,2015-09-26,2708173188,6,9,669,7,8,20,29,33,38,16249039128
62242687000,success,2015-10-03,1191725219,12,25,670,11,18,26,27,40,41,14300702628
63940807000,success,2015-10-10,3722322844,4,24,671,7,9,10,13,31,35,14889291376
63542330000,success,2015-10-17,1754745000,9,43,672,8,21,28,31,36,45,15792705000
63163578000,success,2015-10-24,1491453300,10,5,673,7,10,17,29,33,44,14914533000
61386974000,success,2015-10-31,1770565500,8,11,674,9,10,14,25,27,31,14164524000
60458623000,success,2015-11-07,3514549032,4,7,675,1,8,11,15,18,45,14058196128
62147642000,success,2015-11-14,1879726500,8,27,676,1,8,17,34,39,45,15037812000
62267624000,success,2015-11-21,1921114407,8,42,677,12,15,24,36,41,44,15368915256
60887293000,success,2015-11-28,2288490188,6,45,678,4,5,6,12,25,37,13730941128
62220918000,success,2015-12-05,2863005600,5,35,679,3,5,7,14,26,34,14315028000
64245201000,success,2015-12-12,1110570563,14,30,680,4,10,19,29,32,42,15547987882
63268253000,success,2015-12-19,2696328938,6,7,681,21,24,27,29,43,44,16177973628
66757858000,success,2015-12-26,4063713563,4,2,682,17,23,27,35,38,43,16254854252
71940091000,success,2016-01-02,1010930883,16,15,683,6,13,20,27,28,40,16174894128
66623887000,success,2016-01-09,1688815709,9,40,684,1,11,15,17,25,39,15199341381
69126675000,success,2016-01-16,1494367671,11,18,685,6,7,12,28,38,40,16438044381
65274010000,success,2016-01-23,1937531719,8,13,686,7,12,15,24,25,43,15500253752
68044669000,success,2016-01-30,2720029313,6,45,687,1,8,10,13,28,42,16320175878
73095612000,success,2016-02-06,1967536750,9,2,688,5,15,22,23,34,35,17707830750
67460147000,success,2016-02-13,2321775911,7,34,689,7,17,19,30,36,38,16252431377
69142025000,success,2016-02-20,1126507625,15,43,690,24,25,33,34,38,39,16897614375
68590328000,success,2016-02-27,2839296750,6,16,691,15,27,33,35,43,45,17035780500
66390499000,success,2016-03-05,2301273697,7,44,692,3,11,14,15,32,36,16108915879
67352935000,success,2016-03-12,1642763813,10,30,693,1,6,11,28,34,42,16427638130
67533257000,success,2016-03-19,1555036388,10,12,694,7,15,20,25,33,43,15550363880
67672085000,success,2016-03-26,1450214830,11,14,695,4,18,26,33,34,38,15952363130
67542971000,success,2016-04-02,1632054413,10,21,696,1,7,16,18,34,38,16320544130
66966141000,success,2016-04-09,1531443038,10,31,697,2,5,8,11,33,39,15314430380
66283268000,success,2016-04-16,1921084125,8,18,698,3,11,13,21,33,37,15368673000
66743146000,success,2016-04-23,1995411375,8,3,699,4,5,8,16,21,29,15963291000
66846276000,success,2016-04-30,2082099188,8,13,700,11,23,28,29,30,44,16656793504
64454138000,success,2016-05-07,1583183175,10,35,701,3,10,14,16,36,38,15831831750
66219854000,success,2016-05-14,1465091387,11,9,702,3,13,16,24,26,29,16116005257
65728988000,success,2016-05-21,3235784100,5,21,703,10,28,31,33,41,44,16178920500
65930117000,success,2016-05-28,3865190344,4,45,704,1,4,8,23,33,42,15460761376
65859843000,success,2016-06-04,3987206532,4,23,705,1,6,17,22,28,45,15948826128
65723488000,success,2016-06-11,3831746063,4,37,706,3,4,6,10,28,30,15326984252
66813924000,success,2016-06-18,1322167313,12,35,707,2,12,19,24,39,44,15866007756
66806307000,success,2016-06-25,4099552219,4,1,708,2,10,16,19,34,45,16398208876
65592504000,success,2016-07-02,1165271625,14,32,709,10,18,30,36,39,44,16313802750
65083972000,success,2016-07-09,2895441150,5,10,710,3,4,9,24,25,33,14477205750
66152746000,success,2016-07-16,2277413358,7,42,711,11,15,24,35,37,45,15941893506
66136318000,success,2016-07-23,4034485125,4,19,712,17,20,30,31,33,45,16137940500
64646552000,success,2016-07-30,1714720917,9,44,713,2,5,15,18,19,23,15432488253
64099989000,success,2016-08-06,2085131733,7,20,714,1,7,22,33,37,40,14595922131
65794607000,success,2016-08-13,2605510438,6,10,715,2,7,27,33,41,44,15633062628
67040169000,success,2016-08-20,1358752157,12,21,716,2,6,13,16,29,30,16305025884
68597839000,success,2016-08-27,2702433688,6,44,717,2,11,19,25,28,32,16214602128
69400763000,success,2016-09-03,926166464,17,40,718,4,11,20,23,32,39,15744829888
71378392000,success,2016-09-10,1879581334,9,26,719,4,8,13,19,20,43,16916232006
69939090000,success,2016-09-17,1233770358,14,41,720,1,12,29,34,36,37,17272785012
71627567000,success,2016-09-24,2273767360,8,31,721,1,28,35,41,43,44,18190138880
69446489000,success,2016-10-01,4365422719,4,45,722,12,14,21,30,39,43,17461690876
67750231000,success,2016-10-08,2114365360,8,22,723,20,30,33,35,36,44,16914922880
69987274000,success,2016-10-15,1427789813,12,14,724,2,8,33,35,37,41,17133477756
70208676000,success,2016-10-22,1579217250,11,38,725,6,7,19,21,41,43,17371389750
68799295000,success,2016-10-29,1166872634,14,24,726,1,11,21,23,34,44,16336216876
67559139000,success,2016-11-05,1115107742,14,20,727,7,8,10,19,21,31,15611508388
68306112000,success,2016-11-12,3243464400,5,36,728,3,6,10,30,34,37,16217322000
68784161000,success,2016-11-19,4198250719,4,16,729,11,17,21,26,36,45,16793002876
66934105000,success,2016-11-26,2017382110,8,39,730,4,10,14,15,18,22,16139056880
69239673000,success,2016-12-03,2340471054,7,39,731,2,7,13,25,42,45,16383297378
68645948000,success,2016-12-10,2203270608,7,43,732,2,4,5,17,27,32,15422894256
69321488000,success,2016-12-17,4016725125,4,13,733,11,24,32,33,35,40,16066900500
71457582000,success,2016-12-24,1949395500,9,18,734,6,16,37,38,41,45,17544559500
77488209000,success,2016-12-31,1847231588,10,4,735,5,10,13,27,37,41,18472315880
73510203000,success,2017-01-07,3397362225,5,6,736,2,11,17,18,21,27,16986811125
70775944000,success,2017-01-14,4283061000,4,11,737,13,15,18,24,27,41,17132244000
71768122000,success,2017-01-21,1634191091,11,36,738,23,27,28,38,42,43,17976102001
77999661000,success,2017-01-28,4744122282,4,30,739,7,22,29,33,34,35,18976489128
75186520000,success,2017-02-04,936929792,18,31,740,4,8,9,16,17,19,16864736256
74392585000,success,2017-02-11,3043595938,6,16,741,5,21,27,34,44,45,18261575628
73857792000,success,2017-02-18,1111814813,16,6,742,8,10,13,36,37,40,17789037008
73436852000,success,2017-02-25,2608641000,7,10,743,15,19,21,34,41,44,18260487000
73507293000,success,2017-03-04,1155411575,15,43,744,10,15,18,21,34,41,17331173625
73575119000,success,2017-03-11,746822982,20,10,745,1,2,3,9,12,23,14936459640
74239579000,success,2017-03-18,2038623709,9,25,746,3,12,33,36,42,45,18347613381
73337880000,success,2017-03-25,1903214584,9,17,747,7,9,12,14,23,28,17128931256
72750277000,success,2017-04-01,1928246542,9,29,748,3,10,13,22,31,32,17354218878
72252889000,success,2017-04-08,1350104395,13,41,749,12,14,24,26,34,45,17551357135
72248100000,success,2017-04-15,2522104286,7,12,750,1,2,15,19,24,36,17654730002
71534233000,success,2017-04-22,2097968110,8,17,751,3,4,16,20,28,44,16783744880
71600822000,success,2017-04-29,1870358834,9,7,752,4,16,20,33,40,43,16833229506
68915001000,success,2017-05-06,2711105063,6,3,753,2,17,19,24,37,41,16266630378
70765850000,success,2017-05-13,3427542000,5,32,754,2,8,17,24,29,31,17137710000
71300635000,success,2017-05-20,2214427266,8,37,755,13,14,26,28,30,36,17715418128
70992946000,success,2017-05-27,3414434700,5,4,756,10,14,16,18,27,28,17072173500
71053002000,success,2017-06-03,739839858,21,1,757,6,7,11,17,33,44,15536637018
71764259000,success,2017-06-10,2078969954,8,24,758,5,9,12,30,39,43,16631759632
72632208000,success,2017-06-17,3032670500,6,32,759,9,33,36,40,42,43,18196023000
72200797000,success,2017-06-24,2253299391,8,12,760,10,22,27,31,42,43,18026395128
71415903000,success,2017-07-01,2392730518,7,30,761,4,7,11,24,42,45,16749113626
70558895000,success,2017-07-08,1631432063,10,16,762,1,3,12,21,26,41,16314320630
70652100000,success,2017-07-15,2138130000,8,10,763,3,8,16,32,34,43,17105040000
70318932000,success,2017-07-22,2459975465,7,15,764,7,22,24,31,34,36,17219828255
70972360000,success,2017-07-29,1109214250,15,33,765,1,3,8,12,42,43,16638213750
69500769000,success,2017-08-05,2173637297,8,21,766,9,30,34,35,39,41,17389098376
71285599000,success,2017-08-12,1163768725,15,22,767,5,15,20,31,34,42,17456530875
72306975000,success,2017-08-19,1363572260,13,4,768,7,27,29,30,38,44,17726439380
72873431000,success,2017-08-26,1930760042,9,4,769,5,7,11,16,41,45,17376840378
74166379000,success,2017-09-02,2163099329,8,34,770,1,9,12,23,39,43,17304794632
73545939000,success,2017-09-09,4362644907,4,30,771,6,10,17,18,21,29,17450579628
74375369000,success,2017-09-16,1769608838,10,32,772,5,6,11,14,21,41,17696088380
74560597000,success,2017-09-23,1609403080,11,44,773,8,12,19,21,31,35,17703433880
77347021000,success,2017-09-30,1709721512,11,9,774,12,15,18,28,34,42,18806936632
70795452000,success,2017-10-07,3470437650,5,17,775,11,12,29,33,38,42,17352188250
74826082000,success,2017-10-14,2557579393,7,20,776,8,9,18,21,28,40,17903055751
75534360000,success,2017-10-21,833468036,21,18,777,6,12,17,21,34,37,17502828756
75075606000,success,2017-10-28,6264069500,3,11,778,6,21,35,36,37,41,18792208500
73773676000,success,2017-11-04,1527709296,11,4,779,6,12,19,24,34,41,16804802256
74232084000,success,2017-11-11,1667520137,11,16,780,15,17,19,21,27,45,18342721507
72483157000,success,2017-11-18,1882891542,9,43,781,11,16,18,19,24,39,16946023878
72253973000,success,2017-11-25,1946487625,9,20,782,6,18,31,34,38,45,17518388625
73525256000,success,2017-12-02,4603964625,4,36,783,14,15,16,17,38,45,18415858500
74311382000,success,2017-12-09,1908678000,9,22,784,3,10,23,24,31,39,17178102000
72974563000,success,2017-12-16,2886622688,6,40,785,4,6,15,25,26,33,17319736128
75930156000,success,2017-12-23,4551365250,4,38,786,12,15,16,20,24,30,18205461000
79593923000,success,2017-12-30,3092108313,6,9,787,5,6,13,16,27,28,18552649878
78121882000,success,2018-01-06,1401475154,13,29,788,2,10,11,19,35,39,18219177002
76136603000,success,2018-01-13,1140976825,15,38,789,2,6,7,12,19,45,17114652375
78978881000,success,2018-01-20,1160516274,16,12,790,3,8,19,27,30,41,18568260384
74205844000,success,2018-01-27,1253081893,14,32,791,2,10,12,31,33,42,17543146502
76339003000,success,2018-02-03,2655736768,7,16,792,2,7,19,25,29,36,18590157376
76177477000,success,2018-02-10,3750146775,5,31,793,10,15,21,35,38,43,18750733875
79941579000,success,2018-02-17,2650940304,7,13,794,6,7,18,19,30,38,18556582128
79661342000,success,2018-02-24,1714977000,11,36,795,3,10,13,26,34,38,18864747000
77685943000,success,2018-03-03,2763490340,7,5,796,1,21,26,36,40,41,19344432380
77339940000,success,2018-03-10,2397028125,8,36,797,5,22,31,32,39,45,19176225000
77038759000,success,2018-03-17,2710791911,7,41,798,2,10,14,22,32,36,18975543377
76708986000,success,2018-03-24,1826427225,10,33,799,12,17,23,34,42,45,18264272250
76994062000,success,2018-03-31,1632246205,11,26,800,1,4,10,12,28,45,17954708255
74034792000,success,2018-04-07,2256786657,8,2,801,17,25,28,37,43,44,18054293256
75146781000,success,2018-04-14,1082947993,16,27,802,10,11,12,18,24,42,17327167888
75670793000,success,2018-04-21,3663810225,5,2,803,5,9,14,26,30,43,18319051125
74557028000,success,2018-04-28,1631996523,11,9,804,1,10,13,26,32,36,17951961753
73065981000,success,2018-05-05,4266061969,4,42,805,3,12,13,18,31,32,17064247876
74030583000,success,2018-05-12,2640760875,7,27,806,14,20,23,31,37,38,18485326125
73831580000,success,2018-05-19,2437662322,7,33,807,6,10,18,25,34,35,17063636254
74911438000,success,2018-05-26,3087620500,6,24,808,15,21,31,32,41,43,18525723000
74214104000,success,2018-06-02,2921372750,6,39,809,6,11,15,17,23,40,17528236500
74388355000,success,2018-06-09,2231598047,8,11,810,5,10,13,21,39,43,17852784376
74570813000,success,2018-06-16,2524148197,7,25,811,8,11,19,21,36,45,17669037379
74147816000,success,2018-06-23,2947954750,6,10,812,1,3,12,14,16,43,17687728500
73394947000,success,2018-06-30,4591763157,4,27,813,11,30,34,35,42,44,18367052628
74316543000,success,2018-07-07,3067192063,6,30,814,2,21,28,38,42,45,18403152378
73416400000,success,2018-07-14,2579855358,7,4,815,17,21,25,26,27,36,18058987506
72397826000,success,2018-07-21,2128107938,8,7,816,12,18,19,29,31,39,17024863504
72552766000,success,2018-07-28,1868477334,9,34,817,3,9,12,13,25,43,16816296006
71793353000,success,2018-08-04,1380804318,13,3,818,14,15,25,28,29,30,17950456134
74578907000,success,2018-08-11,2594534840,7,15,819,16,25,33,38,40,45,18161743880
75744571000,success,2018-08-18,4627313532,4,6,820,10,21,22,30,35,42,18509254128
76118239000,success,2018-08-25,1316155956,14,16,821,1,12,13,24,29,44,18426183384
75681739000,success,2018-09-01,5930898625,3,12,822,9,18,20,24,27,36,17792695875
77400124000,success,2018-09-08,2009843917,9,15,823,12,18,24,26,39,40,18088595253
78257422000,success,2018-09-15,1256646550,15,26,824,7,9,24,29,34,38,18849698250
82890578000,success,2018-09-22,1658710563,12,42,825,8,15,21,31,33,38,19904526756
78218740000,success,2018-09-29,2075192084,9,42,826,13,16,24,25,33,36,18676728756
76490125000,success,2018-10-06,1206500375,15,14,827,5,11,12,29,33,44,18097505625
77552827000,success,2018-10-13,1455185972,13,18,828,4,7,13,29,31,39,18917417636
77998807000,success,2018-10-20,2444650641,8,29,829,4,5,31,35,43,45,19557205128
77714000000,success,2018-10-27,2060528750,9,17,830,5,6,16,18,37,38,18544758750
77622753000,success,2018-11-03,1110702258,16,9,831,3,10,16,19,31,39,17771236128
77411900000,success,2018-11-10,2088204584,9,30,832,13,14,19,26,40,43,18793841256
77738402000,success,2018-11-17,2356317282,8,19,833,12,18,30,39,41,42,18850538256
75941791000,success,2018-11-24,1690693671,11,3,834,6,8,18,35,42,43,18597630381
77694435000,success,2018-12-01,1233681125,15,35,835,9,10,13,28,38,45,18505216875
74536697000,success,2018-12-08,1257843670,14,19,836,1,9,11,14,26,28,17609811380
76614176000,success,2018-12-15,3144449125,6,6,837,2,25,28,30,33,45,18866694750
79414484000,success,2018-12-22,3813733050,5,20,838,9,14,17,33,36,38,19068665250
79219710000,success,2018-12-29,1359454904,13,35,839,3,9,11,12,13,19,17672913752
84057771000,success,2019-01-05,2042961788,10,27,840,2,4,11,28,29,43,20429617880
81580789000,success,2019-01-12,1116095714,17,24,841,5,11,14,30,33,38,18973627138
81957444000,success,2019-01-19,2035475025,10,38,842,14,26,32,36,39,42,20354750250
81857498000,success,2019-01-26,4012970100,5,4,843,19,21,30,33,34,42,20064850500
87805610000,success,2019-02-02,1162963542,18,18,844,7,8,13,15,33,45,20933343756
83884034000,success,2019-02-09,1891217182,11,6,845,1,16,29,33,40,45,20803389002
83936839000,success,2019-02-16,1596884395,13,13,846,5,18,30,41,43,45,20759497135
83782512000,success,2019-02-23,2520846657,8,22,847,12,16,26,28,30,42,20166773256
84523266000,success,2019-03-02,3011580858,7,34,848,1,2,16,22,38,39,21081066006
82333674000,success,2019-03-09,1158252883,17,3,849,5,13,17,29,34,39,19690299011
81474176000,success,2019-03-16,3377587875,6,5,850,16,20,24,28,36,39,20265527250
81099116000,success,2019-03-23,2483692313,8,40,851,14,18,22,26,31,44,19869538504
81470793000,success,2019-03-30,4801543407,4,9,852,11,17,28,30,33,35,19206173628
82244370000,success,2019-04-06,2885006786,7,13,853,2,8,23,26,27,44,20195047502
81823338000,success,2019-04-13,3421706750,6,3,854,20,25,31,32,36,43,20530240500
82374732000,success,2019-04-20,2269510500,9,7,855,8,15,17,19,43,44,20425594500
80496424000,success,2019-04-27,3977927550,5,17,856,10,24,40,41,43,44,19889637750
80933117000,success,2019-05-04,1284915425,15,43,857,6,10,16,28,34,38,19273731375
81366889000,success,2019-05-11,2202347459,9,23,858,9,13,32,38,39,43,19821127131
80944223000,success,2019-05-18,1853927489,11,24,859,8,22,35,38,39,41,20393202379
81846672000,success,2019-05-25,1879899825,10,42,860,4,8,18,25,27,32,18798998250
81032551000,success,2019-06-01,4872108844,4,24,861,11,17,19,21,22,25,19488435376
80609005000,success,2019-06-08,2190922709,9,32,862,10,34,38,40,42,43,19718304381
81288540000,success,2019-06-15,2853357322,7,12,863,16,21,28,35,39,43,19973501254
82220290000,success,2019-06-22,1716553637,11,32,864,3,7,10,13,25,36,18882090007
81748217000,success,2019-06-29,1551729145,13,2,865,3,15,22,32,33,45,20172478885
81961886000,success,2019-07-06,2240409000,9,12,866,9,15,29,34,37,39,20163681000
81607190000,success,2019-07-13,3933755250,5,41,867,14,17,19,22,24,40,19668776250
80549078000,success,2019-07-20,3233804250,6,25,868,12,17,28,41,43,44,19402825500
80268389000,success,2019-07-27,1922582588,10,4,869,2,6,20,27,37,39,19225825880
78688663000,success,2019-08-03,1928842988,10,31,870,21,25,30,32,40,42,19288429880
79527502000,success,2019-08-10,2718071358,7,38,871,2,6,12,26,30,34,19026499506
81002518000,success,2019-08-17,1262705579,16,29,872,2,4,30,32,33,43,20203289264
82375586000,success,2019-08-24,1874553225,10,38,873,3,5,12,13,33,39,18745532250
82990138000,success,2019-08-31,1117123917,18,32,874,1,15,19,23,28,42,20108230506
80635281000,success,2019-09-07,1415946724,14,36,875,19,22,30,34,39,44,19823254136
85088368000,success,2019-09-14,1090657856,19,24,876,5,16,21,26,34,42,20722499264
84584730000,success,2019-09-21,1716607188,12,12,877,5,17,18,22,23,43,20599286256
84183676000,success,2019-09-28,3207993500,6,3,878,2,6,11,16,25,31,19247961000
83174251000,success,2019-10-05,3206361313,6,20,879,1,4,10,14,15,35,19238167878
83862502000,success,2019-10-12,2837810465,7,38,880,7,17,19,23,24,45,19864673255
84495552000,success,2019-10-19,2503212282,8,9,881,4,18,20,26,27,32,20025698256
84351602000,success,2019-10-26,4127270400,5,23,882,18,34,39,43,44,45,20636352000
85624171000,success,2019-11-02,1360519525,15,22,883,9,18,32,33,37,44,20407792875
86554613000,success,2019-11-09,1799077282,12,17,884,4,14,23,28,37,45,21588927384
83396319000,success,2019-11-16,1543832568,13,31,885,1,3,24,27,39,45,20069823384
84186094000,success,2019-11-23,2974643786,7,2,886,19,23,28,37,42,45,20822506502
84416872000,success,2019-11-30,2535268688,8,10,887,8,14,17,27,36,45,20282149504
82777313000,success,2019-12-07,2370359204,8,32,888,3,7,12,31,34,38,18962873632
86734222000,success,2019-12-14,2108986950,10,26,889,3,13,29,38,39,42,21089869500
86693498000,success,2019-12-21,2335486167,9,6,890,1,4,14,18,29,37,21019375503
89742677000,success,2019-12-28,3082673947,7,19,891,9,13,28,31,39,41,21578717629
93091115000,success,2020-01-04,1282017464,17,36,892,4,9,17,18,26,42,21794296888
87661567000,success,2020-01-11,2377433625,9,10,893,1,15,17,23,25,41,21396902625
88465183000,success,2020-01-18,2377935959,9,45,894,19,32,37,40,41,43,21401423631
96962255000,success,2020-01-25,1928079219,12,23,895,16,26,31,38,39,41,23136950628
90461998000,success,2020-02-01,3053222036,7,23,896,5,12,25,26,38,45,21372554252
88231474000,success,2020-02-08,1619922520,13,29,897,6,7,12,22,26,36,21058992760
90067839000,success,2020-02-15,2639313235,8,17,898,18,21,28,35,37,42,21114505880
85877347000,success,2020-02-22,3359356063,6,37,899,8,19,20,21,33,39,20156136378
83639372000,success,2020-02-29,3349851375,6,14,900,7,13,16,18,35,38,20099108250
84783962000,success,2020-03-07,2267974667,9,21,901,5,18,20,23,30,34,20411772003
87501981000,success,2020-03-14,1619317529,13,30,902,7,19,23,24,36,39,21051127877
88625160000,success,2020-03-21,1684582212,13,45,903,2,15,16,21,22,28,21899568756
88938220000,success,2020-03-28,2718077813,8,11,904,2,6,8,26,43,45,21744622504
90357634000,success,2020-04-04,3017862536,7,20,905,3,4,16,27,38,40,21125037752
90948274000,success,2020-04-11,2472607250,9,20,906,2,5,14,28,31,32,22253465250
89331282000,success,2020-04-18,3165059036,7,37,907,21,27,29,38,40,44,22155413252
89923601000,success,2020-04-25,2834856141,8,30,908,3,16,21,22,23,44,22678849128
89543261000,success,2020-05-02,2021062875,11,33,909,7,24,29,30,34,35,22231691625
86308857000,success,2020-05-09,941316375,21,31,910,1,11,17,27,35,39,19767643875
89332410000,success,2020-05-16,2113538625,10,35,911,4,5,12,14,32,42,21135386250
88599155000,success,2020-05-23,1493500581,14,10,912,5,8,18,21,22,38,20909008134
89336949000,success,2020-05-30,1338755602,16,40,913,6,14,16,21,27,37,21420089632
89558503000,success,2020-06-06,1950005557,11,27,914,16,19,24,33,42,44,21450061127
87862418000,success,2020-06-13,3518640500,6,14,915,2,6,11,13,22,37,21111843000
89133044000,success,2020-06-20,2025384341,11,17,916,6,21,22,32,35,36,22279227751
88950867000,success,2020-06-27,2144799638,10,34,917,1,3,23,24,27,43,21447996380
89200857000,success,2020-07-04,1117622646,18,5,918,7,11,12,31,33,38,20117207628
90218056000,success,2020-07-11,4305150450,5,35,919,9,14,17,18,42,44,21525752250
89805177000,success,2020-07-18,3120260197,7,29,920,2,3,26,33,34,43,21841821379
89888341000,success,2020-07-25,1232573405,17,1,921,5,7,12,22,28,41,20953747885
89266682000,success,2020-08-01,3417904500,6,36,922,2,6,13,17,27,43,20507427000
87867402000,success,2020-08-08,2667554625,8,26,923,3,17,18,23,36,41,21340437000
87708256000,success,2020-08-15,2382430667,9,13,924,3,11,34,42,43,44,21441876003
87901067000,success,2020-08-22,1771080532,12,4,925,13,24,32,34,39,42,21252966384
88372251000,success,2020-08-29,2032490663,10,6,926,10,16,18,20,25,31,20324906630
91067752000,success,2020-09-05,3714203875,6,26,927,4,15,22,38,41,43,22285223250
90818982000,success,2020-09-12,3134591358,7,30,928,3,4,10,20,28,44,21942139506
92344620000,success,2020-09-19,1308035157,16,4,929,7,9,12,15,19,23,20928562512
94518415000,success,2020-09-26,2832418829,8,28,930,8,21,25,38,39,44,22659350632
95695802000,success,2020-10-03,2957108063,8,32,931,14,15,23,25,35,43,23656864504
96049289000,success,2020-10-10,3390022983,7,5,932,1,6,15,36,37,38,23730160881
93484851000,success,2020-10-17,2927797079,8,37,933,23,27,29,31,36,45,23422376632
93028347000,success,2020-10-24,5765772844,4,12,934,1,3,30,33,36,39,23063091376
93934898000,success,2020-10-31,1711055424,13,18,935,4,10,20,32,38,44,22243720512
92246146000,success,2020-11-07,1492069179,14,43,936,7,11,13,17,18,29,20888968506
93720454000,success,2020-11-14,2058420819,11,26,937,2,10,13,22,29,40,22642629009
93452425000,success,2020-11-21,2249466563,10,9,938,4,8,10,16,31,36,22494665630
93340002000,success,2020-11-28,1708363039,13,6,939,4,11,28,39,42,45,22208719507
93920183000,success,2020-12-05,2846071079,8,11,940,3,15,20,22,24,41,22768568632
94867600000,success,2020-12-12,1347297422,16,35,941,12,14,25,27,39,40,21556758752
92731965000,success,2020-12-19,3761680313,6,39,942,10,12,18,35,42,43,22570081878
100081432000,success,2020-12-26,3435045108,7,39,943,1,8,13,36,44,45,24045315756
107181377000,success,2021-01-02,1961836356,13,42,944,2,13,16,19,32,33,25503872628
94837109000,success,2021-01-09,1765554491,13,26,945,9,10,15,30,33,37,22952208383
99380178000,success,2021-01-16,2157656182,11,20,946,9,18,19,30,34,40,23734218002
99449916000,success,2021-01-23,1275855750,18,26,947,3,8,17,20,27,35,22965403500
100519459000,success,2021-01-30,2188548716,11,5,948,13,18,30,31,38,41,24074035876
100518909000,success,2021-02-06,2458569713,10,30,949,14,21,35,36,40,44,24585697130
108870714000,success,2021-02-13,3281920500,8,10,950,3,4,15,22,28,40,26255364000
102937006000,success,2021-02-20,1747552661,14,38,951,2,12,30,31,39,43,24465737254
102355646000,success,2021-02-27,2713699834,9,38,952,4,12,22,24,33,41,24423298506
99180891000,success,2021-03-06,1640636009,14,34,953,7,9,22,27,37,42,22968904126
101455314000,success,2021-03-13,2478795900,10,32,954,1,9,26,28,30,41,24787959000
99784736000,success,2021-03-20,2023170188,12,8,955,4,9,23,26,29,33,24278042256
97065255000,success,2021-03-27,2022982671,11,40,956,10,11,20,21,25,41,22252809381
96654698000,success,2021-04-03,2126634137,11,1,957,4,15,24,35,36,40,23392975507
98635947000,success,2021-04-10,1596119675,15,1,958,2,9,10,16,35,37,23941795125
97435835000,success,2021-04-17,3015312891,8,35,959,1,14,15,24,40,41,24122503128
98784879000,success,2021-04-24,2401133213,10,14,960,2,18,24,30,32,45,24011332130
97153309000,success,2021-05-01,2575231209,9,43,961,11,20,29,31,33,42,23177080881
95956365000,success,2021-05-08,1940906094,12,40,962,1,18,28,31,34,43,23290873128
95452215000,success,2021-05-15,1476478125,15,35,963,6,12,19,23,34,42,22147171875
95549895000,success,2021-05-22,2345861063,10,30,964,6,21,36,38,39,43,23458610630
96174650000,success,2021-05-29,3403348929,7,34,965,2,13,25,28,29,36,23823442503
95640447000,success,2021-06-05,2411303513,10,36,966,1,21,25,29,34,37,24113035130
94515565000,success,2021-06-12,5809776094,4,9,967,1,6,13,37,38,40,23239104376
95924229000,success,2021-06-19,1667729683,13,33,968,2,5,12,14,24,39,21680485879
96728751000,success,2021-06-26,1149427894,20,7,969,3,9,10,29,40,45,22988557880
93268371000,success,2021-07-03,1611544045,14,5,970,9,11,16,21,28,36,22561616630
94471924000,success,2021-07-10,3725880250,6,7,971,2,6,17,18,21,26,22355281500
93916813000,success,2021-07-17,1124886244,20,26,972,3,6,17,23,37,39,22497724880
93953872000,success,2021-07-24,2912742750,8,24,973,22,26,31,37,41,42,23301942000
94146055000,success,2021-07-31,1317034523,17,32,974,1,2,11,16,39,44,22389586891
94253719000,success,2021-08-07,2440410375,9,5,975,7,8,9,17,22,24,21963693375
97492178000,success,2021-08-14,3243867215,7,2,976,4,12,14,25,35,37,22707070505
95895844000,success,2021-08-21,1669905911,14,16,977,2,9,10,14,22,44,23378682754
98855197000,success,2021-08-28,2373391388,10,8,978,1,7,15,32,34,42,23733913880
99507886000,success,2021-09-04,1606400518,14,24,979,7,11,16,21,27,33,22489607252
99593380000,success,2021-09-11,3409443215,7,14,980,3,13,16,23,24,35,23866102505
105645424000,success,2021-09-18,1992863193,13,32,981,27,36,37,41,43,45,25907221509
101344251000,success,2021-09-25,3023630672,8,33,982,5,7,13,20,21,44,24189045376
101899006000,success,2021-10-02,2503422225,10,15,983,13,23,26,31,35,43,25034222250
98762367000,success,2021-10-09,3453006268,7,18,984,3,10,23,35,36,37,24171043876
98811446000,success,2021-10-16,2434752975,10,19,985,17,21,23,30,34,44,24347529750
99041240000,success,2021-10-23,2375275125,10,40,986,7,10,16,28,41,42,23752751250
100269530000,success,2021-10-30,2378711625,10,7,987,2,4,15,23,29,38,23787116250
98606195000,success,2021-11-06,2678489375,9,27,988,2,13,20,30,31,41,24106404375
96525658000,success,2021-11-13,5826768563,4,26,989,17,18,21,27,29,33,23307074252
99567047000,success,2021-11-20,1740095277,14,28,990,2,4,25,26,36,37,24361333878
98026282000,success,2021-11-27,2904166032,8,38,991,13,18,25,31,33,44,23233328256
97066498000,success,2021-12-04,1986955563,12,24,992,12,20,26,33,44,45,23843466756
99323653000,success,2021-12-11,3991197063,6,44,993,6,14,16,18,24,42,23947182378
95530936000,success,2021-12-18,1861582063,12,28,994,1,3,8,24,27,35,22338984756
100878455000,success,2021-12-25,3447271875,7,7,995,1,4,13,29,38,39,24130903125
112624327000,success,2022-01-01,1491185771,18,28,996,6,11,15,24,32,39,26841343878
102431961000,success,2022-01-08,1253749560,19,20,997,4,7,14,16,24,44,23821241640
101681869000,success,2022-01-15,2076499657,12,41,998,13,17,18,20,42,45,24917995884
102581351000,success,2022-01-22,1513274790,16,34,999,1,3,9,14,18,28,24212396640
118628811000,success,2022-01-29,1246819620,22,39,1000,2,8,19,22,32,42,27430031640
103967487000,success,2022-02-05,2077279594,12,15,1001,6,10,12,14,20,42,24927355128
105795484000,success,2022-02-12,3088449563,8,15,1002,17,25,33,35,38,45,24707596504
103479378000,success,2022-02-19,1811116822,14,31,1003,1,4,29,39,43,45,25355635508
106112471000,success,2022-02-26,2576251913,10,18,1004,7,15,30,37,39,44,25762519130
103755249000,success,2022-03-05,2061199344,12,17,1005,8,13,18,24,27,29,24734392128
104542431000,success,2022-03-12,2855602125,9,36,1006,8,11,15,16,17,37,25700419125
101530003000,success,2022-03-19,2718786375,9,40,1007,8,11,16,19,21,25,24469077375
103727042000,success,2022-03-26,2267377910,11,33,1008,9,11,30,31,41,44,24941157010
103771363000,success,2022-04-02,1702462825,15,20,1009,15,23,29,34,40,44,25536942375
103011505000,success,2022-04-09,3119380079,8,3,1010,9,12,15,25,34,36,24955040632
101799373000,success,2022-04-16,2220348512,11,42,1011,1,9,12,26,35,38,24423833632
101948323000,success,2022-04-23,1861944318,13,3,1012,5,11,18,20,35,45,24205276134
101747653000,success,2022-04-30,5047570725,5,32,1013,21,22,26,34,36,41,25237853625
102396369000,success,2022-05-07,2410449338,10,21,1014,3,11,14,18,26,27,24104493380
102562683000,success,2022-05-14,3051105610,8,44,1015,14,23,31,33,37,40,24408844880
101583153000,success,2022-05-21,2260660671,11,44,1016,15,26,28,34,41,42,24867267381
101382790000,success,2022-05-28,3517684822,7,32,1017,12,18,22,23,30,34,24623793754
101151805000,success,2022-06-04,12361744688,2,35,1018,3,19,21,25,37,45,24723489376
102804882000,success,2022-06-11,438565140,50,6,1019,1,4,13,17,34,39,21928257000
104996396000,success,2022-06-18,1966431520,13,6,1020,12,27,29,38,41,45,25563609760
101960162000,success,2022-06-25,2108962250,12,16,1021,12,15,17,24,29,45,25307547000
99233031000,success,2022-07-02,4866468075,5,28,1022,5,6,11,29,42,45,24332340375
100399659000,success,2022-07-09,2745677875,9,25,1023,10,14,16,18,29,35,24711100875
100081038000,success,2022-07-16,3020323500,8,10,1024,9,18,20,22,38,44,24162588000
101318529000,success,2022-07-23,6118853344,4,7,1025,8,9,20,25,29,33,24475413376
101556379000,success,2022-07-30,1619118475,15,34,1026,5,12,13,31,32,41,24286777125
101195159000,success,2022-08-06,2460504338,10,5,1027,14,16,27,35,39,45,24605043380
100613537000,success,2022-08-13,1181235132,20,23,1028,5,7,12,13,18,35,23624702640
101336312000,success,2022-08-20,2527848450,10,24,1029,12,30,32,37,39,41,25278484500
104899923000,success,2022-08-27,1276406507,19,9,1030,2,5,11,17,24,29,24251723633
104316078000,success,2022-09-03,3213957563,8,19,1031,6,7,22,32,35,36,25711660504
110907011000,success,2022-09-10,2675257538,10,28,1032,1,6,12,19,36,42,26752575380
104642258000,success,2022-09-17,1913414943,13,10,1033,3,11,15,20,35,44,24874394259
107150089000,success,2022-09-24,2868856209,9,11,1034,26,31,32,33,38,40,25819705881
106759523000,success,2022-10-01,3231193735,8,2,1035,9,14,34,35,41,42,25849549880
103753936000,success,2022-10-08,2837323167,9,39,1036,2,5,22,32,34,45,25535908503
104840173000,success,2022-10-15,1708576825,15,31,1037,2,14,15,22,27,33,25628652375
104932409000,success,2022-10-22,1627457225,15,2,1038,7,16,24,27,37,44,24411858375
105259066000,success,2022-10-29,1585019672,16,26,1039,2,3,6,19,36,39,25360314752
104007239000,success,2022-11-05,3660482625,7,11,1040,8,16,26,29,31,36,25623378375
105301601000,success,2022-11-12,935091165,25,45,1041,6,7,9,11,17,18,23377279125
106510259000,success,2022-11-19,1240663669,20,4,1042,5,14,15,23,34,43,24813273380
107045942000,success,2022-11-26,1468646956,17,19,1043,3,5,12,22,26,31,24966998252
102891973000,success,2022-12-03,3136941235,8,4,1044,12,17,20,26,28,36,25095529880
105380282000,success,2022-12-10,1990060443,13,37,1045,6,14,15,19,21,41,25870785759
100923993000,success,2022-12-17,2011415719,12,28,1046,7,16,25,29,35,36,24136988628
103058179000,success,2022-12-24,2748797875,9,32,1047,2,20,33,40,42,44,24739180875
117323901000,success,2022-12-31,1612494508,17,30,1048,6,12,17,21,32,39,27412406636
108444724000,success,2023-01-07,1727810100,15,17,1049,3,5,13,20,21,37,25917151500
108072602000,success,2023-01-14,1535083280,17,17,1050,6,12,31,35,38,43,26096415760
119243907000,success,2023-01-21,1669558480,18,44,1051,21,26,30,32,33,35,30052052640
107565461000,success,2023-01-28,2341682762,11,1,1052,5,17,26,27,35,38,25758510382
113721665000,success,2023-02-04,4090367411,7,15,1053,22,26,29,30,34,45,28632571877
113660567000,success,2023-02-11,3147925709,9,33,1054,14,19,27,28,30,45,28331331381
112488256000,success,2023-02-18,2362815205,11,31,1055,4,7,12,14,22,33,25990967255
113279615000,success,2023-02-25,1969662456,14,29,1056,13,20,24,32,36,45,27575274384
112523887000,success,2023-03-04,1616069714,17,12,1057,8,13,19,27,40,45,27473185138
112041382000,success,2023-03-11,2058020250,13,42,1058,11,23,25,30,32,40,26754263250
110846824000,success,2023-03-18,2033168481,13,27,1059,7,10,22,25,34,40,26431190253
110677185000,success,2023-03-25,898238907,28,36,1060,3,10,24,33,38,45,25150689396
109909344000,success,2023-04-01,2422768773,11,15,1061,4,24,27,35,37,45,26650456503
107109911000,success,2023-04-08,3801933804,7,12,1062,20,31,32,40,41,45,26613536628
108347135000,success,2023-04-15,3770311875,7,30,1063,3,6,22,23,24,38,26392183125
109427584000,success,2023-04-22,1348168106,19,14,1064,3,6,9,18,22,35,25615194014
108181727000,success,2023-04-29,1852593938,14,24,1065,3,18,19,23,32,45,25936315132
106440950000,success,2023-05-06,1670947250,15,45,1066,6,11,16,19,21,32,25064208750
110703299000,success,2023-05-13,1981114010,13,18,1067,7,10,19,23,28,33,25754482130
108988932000,success,2023-05-20,1363929514,19,3,1068,4,7,19,26,33,35,25914660766
108388892000,success,2023-05-27,1863217554,14,44,1069,1,10,18,22,28,31,26085045756
107222802000,success,2023-06-03,1859116929,14,36,1070,3,6,14,22,30,41,26027637006
107362630000,success,2023-06-10,5183979750,5,39,1071,1,2,11,21,30,35,25919898750
108156654000,success,2023-06-17,2175006375,12,27,1072,16,18,20,23,32,43,26100076500
107352123000,success,2023-06-24,2345227603,11,15,1073,6,18,28,30,32,38,25797503633
105744157000,success,2023-07-01,2134763657,12,15,1074,1,6,20,27,28,41,25617163884
105635232000,success,2023-07-08,2896337167,9,10,1075,1,23,24,35,44,45,26067034503
103168694000,success,2023-07-15,2672689750,9,10,1076,3,7,9,33,36,37,24054207750
105927489000,success,2023-07-22,3570901018,7,34,1077,4,8,17,30,40,43,24996307126
105407618000,success,2023-07-29,2141604938,12,43,1078,6,10,11,14,36,38,25699259256
103120206000,success,2023-08-05,2712329417,9,6,1079,4,8,18,24,37,45,24410964753
104111986000,success,2023-08-12,3639444429,7,38,1080,13,16,23,31,36,44,25476111003
106974323000,success,2023-08-19,2343892944,11,17,1081,1,9,16,23,24,38,25782822384
107566880000,success,2023-08-26,3720489643,7,31,1082,21,26,27,32,34,42,26043427501
108995141000,success,2023-09-02,1713084525,15,17,1083,3,7,14,15,22,38,25696267875
109818924000,success,2023-09-09,1738764600,15,5,1084,8,12,13,29,33,42,26081469000
106249975000,success,2023-09-16,1073277473,23,36,1085,4,7,17,18,38,44,24685381879
109250306000,success,2023-09-23,1515913809,17,37,1086,11,16,25,27,35,36,25770534753
113960897000,success,2023-09-30,1732253602,16,16,1087,13,14,18,21,34,44,27716057632
109089305000,success,2023-10-07,2434697898,11,31,1088,11,21,22,30,39,44,26781676878
108725932000,success,2023-10-14,2978522167,9,40,1089,4,18,31,37,42,43,26806699503
108364862000,success,2023-10-21,2386494614,11,1,1090,12,19,21,29,40,45,26251440754
109335581000,success,2023-10-28,2898470459,9,44,1091,6,20,23,24,28,30,26086234131
108970510000,success,2023-11-04,1583289844,16,37,1092,7,18,19,26,33,45,25332637504
105589036000,success,2023-11-11,1967040750,13,44,1093,10,17,22,30,35,43,25571529750
104078823000,success,2023-11-18,2112854469,12,41,1094,6,7,15,22,26,40,25354253628
106160572000,success,2023-11-25,2617825575,10,12,1095,8,14,28,29,34,40,26178255750
105753078000,success,2023-12-02,2539391175,10,34,1096,1,12,16,19,23,43,25393911750
108873101000,success,2023-12-09,3864293090,7,4,1097,14,33,34,35,37,40,27050051630
103850339000,success,2023-12-16,1930461895,13,15,1098,12,16,21,24,41,43,25096004635
107510729000,success,2023-12-23,2959934125,9,4,1099,3,20,28,38,40,43,26639407125
116187023000,success,2023-12-30,2207575472,13,12,1100,17,26,29,30,31,43,28698481136
114758876000,success,2024-01-06,2100529500,13,41,1101,6,7,13,28,36,42,27306883500
113178102000,success,2024-01-13,1383591413,20,20,1102,13,14,22,26,37,38,27671828260
110195070000,success,2024-01-20,1574419633,17,2,1103,10,12,29,31,40,44,26765133761
112449384000,success,2024-01-27,1817193100,15,2,1104,1,7,21,30,35,38,27257896500
113295292000,success,2024-02-03,1834853800,15,11,1105,6,16,34,37,39,40,27522807000
126617296000,success,2024-02-10,2790462819,11,36,1106,1,3,4,29,42,45,30695091009
117664962000,success,2024-02-17,2025625233,14,29,1107,6,14,30,31,40,41,28358753262
114578905000,success,2024-02-24,1957990849,14,27,1108,7,19,26,37,39,44,27411871886
117196327000,success,2024-03-02,1584352875,17,2,1109,10,12,13,19,33,40,26933998875
