Number;Start time in milliseconds;End time in milliseconds;"Text"
1;6006;7799.4584;"[쿵 울리는 효과음]"
2;7882.875;9884.875;"[신비로운 음악]"
3;66066;68068;"[도로 소음]"
4;78787.0417;80789.0417;"[안내 음성] 통행료
정상 처리되었습니다"
5;80872.4584;82874.4584;"[잔잔한 음악]"
6;104854.75;106856.75;"[다가오는 차 소리]"
7;180513.6667;181681.5;"[새가 지저귄다]"
8;195320.125;196362.8334;"[부스럭거린다]"
9;223264.7084;224098.875;"[문 열리는 소리]"
10;224849.625;226142.5834;"[할머니] 이사를 왔어요?"
11;226768.2084;228728.5;"- [들어오는 발소리]
- [문 닫히는 소리]"
12;231940.0417;232899.3334;"[여자] 안녕하셨어요?"
13;233566.6667;235944.0417;"[할머니] 어, 왔네, 드디어"
14;236444.5417;237987.75;"오래도 걸렸네"
15;239864.625;240698.7917;"[똑 따는 소리]"
16;242075.1667;242992.75;"환영해요"
17;243076.1667;246329.4167;"악마의 나팔꽃이에요
그 꽃 이름이"
18;246412.8334;250500.25;"저건 지상을 향해
나팔을 불어서 천사의 나팔꽃"
19;251000.75;255171.5834;"그건 하늘을 향해
나팔을 불어서 악마의 나팔꽃"
20;255255;258007.75;"[웃음] 신이 보기에 건방지다나?"
21;258633.375;259968.0417;"그래서 그런지"
22;260051.4584;262637.375;"그 꽃은 밤에만 향기가 나요"
23;263638.375;267392.125;"- [잘그락거린다]
- 도기 화분은 깨서 버려야 해서"
24;267475.5417;268476.5417;"[의미심장한 음악]"
25;268559.9584;270228.2917;"- [아그작 소리]
- [강조하는 효과음]"
26;270311.7084;271646.375;"[거센 바람 소리]"
27;272188.5834;273189.5834;"[털썩 소리]"
28;277902.625;278903.625;"[털썩 소리]"
29;290290;291332.7084;"[바람 소리]"
30;292041.75;293209.5834;"[여자] 그리운 연진에게"
31;293293;294377.4167;"[탕 박는 소리]"
32;295003.0417;296254.2917;"혹시 기억하니?"
33;297213.5834;298548.25;"- 내가…
- [연신 탕탕 박는 소리]"
34;298631.6667;300091.4584;"여름을 아주 싫어했던 거"
35;302260.2917;305305;"다행히
더 더워지기 전에 이사를 했어"
36;306889.9167;308808.5;"어제부터 사진을 정리 중인데"
37;309517.5417;311811.5;"온통 반가운 얼굴이라 오래 걸리네"
38;314105.4584;315648.6667;"그러다 그런 상상을 했어"
39;316858.2084;317859.2084;"언젠가…"
40;318651.6667;320737.0834;"- [스산한 음악]
- 니가 저 현관문을 열고"
41;320820.5;322322;"들어올 순간을 말이야"
42;326326;327160.1667;"[연진의 코웃음]"
43;330246.5834;331789.7917;"[연진] 이건 다 뭐야?"
44;331873.2084;333458.125;"재준이, 사라"
45;333541.5417;335001.3334;"이건 다 우리고"
46;336502.8334;337337;"근데 너…"
47;338838.5;339672.6667;"누구더라?"
48;343468.125;345261.5834;"나야, 연진아, 나"
49;347764.0834;349599.25;"넌 진짜 옛날 그대로다"
50;351100.75;352477.125;"여전히 예의라곤 없네"
51;352977.625;354437.4167;"남의 집에 들어올 땐"
52;354520.8334;355897.2084;"신발은 벗어야지"
53;355980.625;358441.4167;"[고조되는 음악]"
54;358524.8334;359859.5;"- [탁 소리]
- [연진의 아파하는 탄성]"
55;360943.9167;363613.25;"- [연진의 힘주는 신음]
- [둘의 거친 숨소리]"
56;364781.0834;366532.8334;"널 죽일 이유가 하나 더 늘었잖아"
57;367033.3334;368910.2084;"적어도 날 알아는 봤어야지"
58;369577.5417;371329.2917;"[비열한 웃음]"
59;371412.7084;372497.125;"죽여?"
60;372580.5417;373873.5;"니까짓 게 날 죽여?"
61;373956.9167;374832.7917;"그럴려고"
62;375958.9167;377960.9167;"힘닿는 데까지
널 한번 죽여볼려고"
63;379504.125;381047.3334;"그러니까 빨리 와, 연진아"
64;381881.5;383174.4584;"난 다 도착했거든"
65;383758.375;384634.25;"[딸각 소리]"
66;384717.6667;385718.6667;"아!"
67;386928.2084;388054.3334;"니가 오는 동안"
68;389138.75;391307.5834;"- 내가 어떻게 여기까지 왔는지
- [커지는 매미 소리]"
69;393017.625;393893.5;"얘기해 줄까?"
70;396938.2084;397772.375;""서장 신영준""
71;397855.7917;399565.8334;"[영준] 정식으로
신고 접수된 건이라"
72;399649.25;401692.9584;"- [매미 소리]
- 보호자 오고 절차는 밟아야 해"
73;402902.5;404695.9584;"적당히 훈방할 테니까
걱정하지 말고"
74;405530.125;406948.2084;"응, 전화할게"
75;409575.8334;410410;"박연진"
76;412829.0834;414580.8334;"- 네?
- [영준] 친구를 왜 괴롭혀?"
77;414664.25;415915.5;"다시 또 이런 일로 오기만 해"
78;416499.4167;418251.1667;"엄마 다 알았다니까 가 봐"
79;418334.5834;419502.4167;"[어린 연진] 친구 아닌데"
80;419585.8334;420586.8334;"근데요, 아저씨"
81;420670.25;421504.4167;"[바스락 종이 소리]"
82;421587.8334;423423;"울 엄마랑은
정확하게 무슨 사이예요?"
83;424549.125;425633.5417;"중학교 때 친구야"
84;426509.4167;428803.375;"아, 울 엄마의 손명오"
85;428886.7917;431013.9167;"그래서 엄마 이혼할 때도
도와주신 거구나?"
86;431514.4167;433558.125;"우리 아빠 바람피운 증거도
착착 모아주고"
87;433641.5417;435101.3334;"[살짝 웃으며] 난 또"
88;435852.0834;436936.5;"우리 엄마랑 잤는 줄"
89;437478.7084;439313.875;"- [어린 연진의 웃음]
- [문 여닫히는 소리]"
90;439397.2917;441399.2917;"- [무전기 알림음]
- [어수선한 경찰서 소음]"
91;443109.3334;444193.75;"[학부모1이 고함치며] 가, 얼른!"
92;444861.0834;446362.5834;"배달 밀렸어, 일어나 가"
93;446904.7917;447864.0834;"[남학생] 아, 쪽팔리게"
94;447947.5;449282.1667;"- [덜컹 소리]
- 오지 말라니까!"
95;449365.5834;452326.875;"[학부모2] 서로 화해하고 안아주고
그러면 돼요"
96;452410.2917;453619.8334;"이사라, 얼른"
97;454454;457165.0417;"- [구두 소리가 멀어진다]
- [경찰차 사이렌]"
98;458624.8334;459750.9584;"[피곤한 한숨]"
99;460710.25;462086.625;"- [전화가 울린다]
- [계속 소란하다]"
100;462170.0417;463629.8334;"[다가오는 발소리]"
101;464755.9584;465965.5;"[경찰] 어떻게 오셨습니까?"
102;466048.9167;467467;"[남자] 저, 문동은 보호자입니다"
103;467550.4167;468676.5417;"담임입니다"
104;470511.7084;471345.875;"[작게 한숨]"
105;472930.7917;473764.9584;"야"
106;474307.1667;476184.0417;"교복 처입고 경찰서를 와?"
107;476267.4584;478644.8334;"친구끼리 장난 좀 친 거 가지고
신고를 해?"
108;479145.3334;480313.1667;"그 전화를 교감이…"
109;480396.5834;481272.4584;"[불안한 음악]"
110;481355.875;483357.875;"[크게 한숨]"
111;483441.2917;485067.9167;"너 좀 이따 봐
일어나, 빨리 가"
112;485693.5417;487153.3334;"[어린 재준] 쌤, 저도요"
113;487236.75;488529.7084;"저 일주일 고아예요"
114;489906.0834;491115.625;"엄마 아빠 외쿡 가셔서요"
115;492325.1667;493910.0834;"- 골프요
- [담임이 다정한 말투로] 그래?"
116;494785.9584;496704.5417;"그럼 이 녀석아
전화를 하지 그랬어"
117;497538.7084;499790.9584;"- 저, 이놈도요
- [경찰] 아, 예"
118;501000.5;503628.125;"[담임] 야, 난 너
왜 남아 있나 했다"
119;503711.5417;505338.1667;"그래, 밥은 어떻게 먹어?"
120;505421.5834;507548.7084;"- [어린 재준] 아줌마 있어요
- [담임] 어, 그래?"
121;507632.125;509592.4167;"[불안한 음악이 고조되다 멈춘다]"
122;509675.8334;511719.5417;"- [새소리]
- [후드득 떨어지는 소리]"
123;513888.375;515556.7084;"[여자] 중요한 날이라고 했지?"
124;516057.2084;516891.375;"- [한숨]
- 엄마"
125;516974.7917;518726.5417;"오늘 너한테 너무 실망이야"
126;518809.9584;519685.8334;"[푸 뱉는 소리]"
127;519769.25;521687.8334;"쯧, 경찰서까지 갈 줄 알았나"
128;522355.1667;524232.0417;"- [연진 모] 그 부분이 실망이야
- [탁탁 터는 소리]"
129;524815.9584;526567.7084;"없는 애 하나 어떻게 못 해서"
130;526651.125;527985.7917;"- 어휴
- [차르륵 소금 소리]"
131;530029.5;532698.8334;"그리고, 재준이랑만 놀라니까"
132;532782.25;533908.375;"심심하면 사라 껴서"
133;535451.5834;536327.4584;"보살님이"
134;537495.2917;539247.0417;"이름에 이응 들어간 애들은
살이 끼니까"
135;539330.4584;540289.75;"피하라고 했어, 안 했어?"
136;541290.75;542625.4167;"손명오, 최혜정"
137;542708.8334;543876.6667;"걔들 말이야, 걔들!"
138;544460.5834;546587.7084;"- [까마귀가 운다]
- 들어와, 늦었어"
139;546671.125;553094.2084;"- [북과 꽹과리 장단이 요란하다]
- [여자가 외치는 소리]"
140;556681.125;559225.3334;"[신명 오르는 소리]"
141;570903.6667;574240.3334;"[점점 신명 오르는 소리]"
142;577743.8334;581539.2917;"[신명 오르는 소리가 고조된다]"
143;590464.875;592008.0834;"[게임 알림음]"
144;606647.7084;608482.875;"♪ 동은이가 왔어요 ♪"
145;608566.2917;611277.3334;"♪ 날이면 날마다 오는
문동은이 왔어요 ♪"
146;611360.75;612486.875;"[낄낄 웃는다]"
147;615489.875;616532.5834;"[어린 연진] 어서 와, 동은아"
148;617158.2084;618034.0834;"[쿵쿵 공 튀는 소리]"
149;618117.5;619201.9167;"[어린 동은의 겁먹은 신음]"
150;620369.75;621996.375;"그동안 괴롭혀서 미안"
151;623205.9167;624165.2084;"사과하려고"
152;624874.25;625708.4167;"화 풀 거지?"
153;627752.125;630546.5834;"그렇다고 뭐 경찰서까지
가고 그러냐? 쫄리게"
154;633758.125;634925.9584;"그래서 말인데 동은아"
155;637136.5;638262.625;"이제부터 니가"
156;639597.2917;641140.5;"고데기 열 체크 좀 해줄래?"
157;641974.6667;642892.25;"[불안한 음악]"
158;642975.6667;644769.125;"- [놀란 숨소리]
- [탁 잡는 소리]"
159;645853.5417;646896.25;"[어린 동은] 놔, 놔!"
160;647521.875;649482.1667;"[울부짖으며] 이거
너네 범죄야, 놔!"
161;649565.5834;650858.5417;"- [어린 동은의 비명]
- [어린 사라] 야"
162;650941.9584;653110.7917;"부탁 좀 한 거 가지고
뭘 또 범죄래?"
163;653194.2084;655154.5;"- [어린 동은의 겁먹은 울음]
- 사과한 사람 머쓱하게"
164;655237.9167;657239.9167;"뜨거운지 아닌지만 봐달라니까?"
165;657323.3334;659325.3334;"- [고통스러운 비명]
- [지지직 타는 소리]"
166;659408.75;661410.75;"[어린 동은이 연신 울부짖는다]"
167;662620.2917;663663;"[어린 연진] 뜨거워? 많이?"
168;666957.9584;668250.9167;"- [동은이 계속 흐느낀다]
- 됐나 보다"
169;669085.0834;670002.6667;"[어린 사라] 나 봐 봐"
170;670086.0834;671295.625;"[어린 동은이 계속 흐느낀다]"
171;672171.5;673964.9584;"누가 도와주세요!"
172;674048.375;676092.0834;"[울부짖으며] 제발
누가 좀 도와주세요!"
173;677301.625;678761.4167;"[어린 혜정] 아, 힘 빼지 마"
174;679345.3334;681472.4584;"니가 백날 소리 질러도
아무도 몰라"
175;681555.875;682932.25;"[웃으며] 아무도 안 와"
176;683724.7084;685434.75;"[열쇠가 잘그락거린다]"
177;685518.1667;687395.0417;"체육이 아예
우리한테 키를 줬네?"
178;688479.4584;689939.25;"[긴장되는 효과음]"
179;694151.7917;695152.7917;"[흐느낀다]"
180;695236.2084;696779.4167;"나한테 왜 이러는데?"
181;696862.8334;697905.5417;"[울며 숨을 들이켠다]"
182;697988.9584;699615.5834;"대체 나한테 왜 이러는 건데?"
183;699699;701951.25;"[어린 연진] 아, 지겨워 진짜"
184;703369.3334;704328.625;"[어린 동은이 흐느낀다]"
185;704412.0417;705913.5417;"니들은 왜 다 그걸 묻냐?"
186;706539.1667;708290.9167;"난 이래도 아무 일이 없고"
187;709125.0834;710751.7084;"넌 그래도 아무 일이 없으니까"
188;711335.625;713504.4584;"지금도 봐, 니가 경찰서 가서"
189;713587.875;715214.5;"그 지랄까지 떨었는데
넌 또 여기 와 있고"
190;716757.7084;717675.2917;"뭐가 달라졌니?"
191;719051.6667;721554.1667;"아무도 널 보호하지
않는다는 소리야, 동은아"
192;722471.75;725307.9167;"경찰도, 학교도
니 부모조차도"
193;726100.375;727518.4584;"그걸 다섯 글자로 하면 뭐다?"
194;728644.5834;730521.4584;"'사회적 약자'"
195;731147.0834;733399.3334;"[저마다 낄낄거린다]"
196;734358.625;735526.4584;"[어린 사라] 너 여인숙에서
산다며?"
197;735609.875;737778.7084;"나 너 땜에 '달방'이라는 말
처음 알았잖아"
198;738529.4584;740156.0834;"달방은 달이 뜨는 방인가?"
199;740239.5;741365.625;"[모두 비웃는다]"
200;741991.25;743743;"[웃으며] 동화 속에 사네, 문동은?"
201;743826.4167;746704.2917;"[어린 연진] 와, 문동은
내 요정 할머닌가 봐"
202;747329.9167;749999.25;"나 머리하라고
온도 체크도 해주고, 그치?"
203;750082.6667;751542.4584;"[어린 동은의 비명]"
204;752543.4584;754086.6667;"[고통에 울부짖으며] 놔! 아!"
205;754170.0834;755337.9167;"- [웃는다]
- 놔!"
206;755921.8334;757256.5;"- 놔!
- [어린 연진] 아, 시끄러!"
207;758048.9584;759759;"- [어린 동은] 놔, 놔…
- 야, 손명오, 얘 입 좀"
208;759842.4167;761635.875;"[어린 동은이 고함치며] 놔! 아!"
209;762470.0417;764889.125;"[어린 명오] 넌 공공장소에서
시끄럽게 씨…"
210;766223.7917;768225.7917;"[퉁퉁 공 튀는 소리]"
211;774940.8334;776942.8334;"[어린 명오가 쪽쪽 소리를 낸다]"
212;780780;782782;"[여학생들이 낄낄댄다]"
213;785493.0417;787495.0417;"[종이 울린다]"
214;788871.4167;789872.4167;"[여자] 과산화수소수?"
215;791624.1667;792958.8334;"주시면 제가 할게요"
216;793793;795252.7917;"블라우스에 뭐가 묻어서요"
217;795920.125;796921.125;"[여자] 뭐가 묻었는데?"
218;797630.1667;798964.8334;"[밖에서 학생들이 소란하다]"
219;799048.25;800633.1667;"혹시, 피니?"
220;804053.25;805429.625;"[어린 동은] 그냥
과산화수소수만 주세요"
221;807181.375;808140.6667;"[탁 걷는 소리]"
222;809099.9584;810100.9584;"[보건교사의 놀란 신음]"
223;810893.4167;811894.4167;"왜 이런 거니?"
224;811977.8334;813270.7917;"누가 이랬어?"
225;814021.5417;815856.7084;"담임 선생님께 말씀드렸어?"
226;815940.125;817107.9584;"[한숨]"
227;817191.375;818692.875;"전에도 본 적 있어서 그래"
228;819610.4584;822571.75;"혼자 힘들면
선생님이 같이 말해줄게, 응?"
229;823656.1667;824573.75;"누구야?"
230;827117.9584;834083.25;"[휴대폰 벨 소리]"
231;836293.7917;837336.5;"[탁 딛는 발소리]"
232;838170.6667;839213.375;"[휴대폰 조작음]"
233;839296.7917;840673.1667;"[여학생] 어, 엄마 [개운한 한숨]"
234;840756.5834;841715.875;"[스산한 음악]"
235;841799.2917;842925.4167;"내가 다시 걸게"
236;847096.25;847930.4167;"제가요"
237;849890.7084;851183.6667;"전에도 제가요"
238;862278.0834;863445.9167;"[동은] 그거 아니, 연진아?"
239;865281.0834;866407.2084;"[삐걱거리는 소리]"
240;866490.625;867366.5;"니 딸은"
241;867449.9167;868450.9167;"[아이들이 노는 소리]"
242;868534.3334;870661.4584;"거꾸로 보는 세상을 좋아하는 거"
243;870744.875;872288.0834;"[다가오는 발소리]"
244;873080.5417;874915.7084;"세상이 거꾸로인 순간엔"
245;874999.125;875833.2917;"[새소리]"
246;875916.7084;877459.9167;"모든 색이 헷갈려도"
247;877543.3334;878961.4167;"- 이해받기 때문일까?
- [성스러운 음악]"
248;885509.625;886677.4584;"구두가요"
249;886760.875;888846.2917;"똑같아요, 우리 엄마랑"
250;897021.125;897855.2917;"너구나"
251;898772.875;901275.375;"박연진 딸, 하예솔"
252;901984.4167;903444.2084;"우리 엄마 아세요?"
253;904737.1667;906405.5;"단 하루도 잊어본 적이 없어"
254;908198.9584;911118.5417;"어떤 증오는 그리움을 닮아서"
255;912369.7917;913495.9167;"멈출 수가 없거든"
256;914204.9584;915080.8334;"증오?"
257;915998.4167;918042.125;"몰라요, 뭐예요?"
258;924840.5834;925966.7084;"증오가 뭐냐고?"
259;926050.125;928052.125;"[새소리]"
260;931639.0417;933641.0417;"[바람이 휘 분다]"
261;935726.4584;937144.5417;"[아기 울음소리]"
262;945319.375;946695.75;"[아기가 계속 운다]"
263;952701.75;954703.75;"[여자들이 깔깔대며 웃는다]"
264;957122.8334;958415.7917;"[다가오는 발소리]"
265;958499.2084;960084.125;"[연신 웃는다]"
266;960167.5417;961418.7917;"[문이 달칵 열린다]"
267;961502.2084;963504.2084;"[비닐이 부스럭거린다]"
268;966548.9167;967383.0834;"[문이 탁 닫힌다]"
269;968342.375;970344.375;"[비닐이 연신 부스럭거린다]"
270;970427.7917;972179.5417;"어? 왜?"
271;973973;974807.1667;"째게?"
272;985275.9584;987528.2084;"- [쪽가위 소리]
- [불안한 음악]"
273;990864.875;991782.4584;"[쪽가위 소리]"
274;993909.5834;995619.625;"[동은] 신나면 더 까매지던 눈동자"
275;996286.9584;997955.2917;"왜 이렇게 늦게 와?"
276;999540.2084;1001166.8334;"보고 싶어 죽는 줄"
277;1001250.25;1003377.375;"- [날카로운 쪽가위질 소리]
- 웃을 때 올라가던 입꼬리"
278;1003961.2917;1005963.2917;"머리카락 한 올까지 아름답던"
279;1007464.7917;1008632.625;"그걸 다 합치면"
280;1009967.2917;1010968.2917;"그게 증오야"
281;1011051.7084;1012302.9584;"[어린 동은의 겁먹은 한숨]"
282;1015681.3334;1018809.4584;"[어린 혜정이 웃으며]
와, 씨, 신발 벗고 들어왔어!"
283;1018892.875;1021353.6667;"[어린 사라] 우리 진짜 쓰레기야
반성해야 돼"
284;1022187.8334;1023022;"[어린 연진] 야, 나와 봐"
285;1023105.4167;1024064.7084;"[어린 연진의 힘주는 신음]"
286;1025524.5;1026442.0834;"혹시 이거 니 거야?"
287;1026525.5;1028610.9167;"- [불안한 효과음]
- 나 이거 쌀통에서 찾았잖아"
288;1028694.3334;1030571.2084;"[웃으며] 눈을 의심했다, 진짜"
289;1030654.625;1031488.7917;"그건 돌려줘"
290;1031572.2084;1032531.5;"[돼지 저금통이 짤랑거린다]"
291;1033949.5834;1034783.75;"어떡해?"
292;1036076.7084;1036994.2917;"문동은 화났어?"
293;1038287.25;1039580.2084;"- [짤랑거린다]
- 나이스 캐치"
294;1039663.625;1040706.3334;"[어린 명오의 환호]"
295;1040789.75;1042499.7917;"좀 되는데? [웃음]"
296;1042583.2084;1045294.25;"[어린 사라] 진짜? 존나 슬퍼"
297;1045377.6667;1046628.9167;"문동은…"
298;1046712.3334;1049965.5834;"[울먹이며] 너 너무 알뜰살뜰이야"
299;1050049;1052426.375;"[어린 명오] 미친년
넌 또 뭘 처먹은 거야?"
300;1052509.7917;1053927.875;"판콜이야, 본드야?"
301;1055262.5417;1057097.7084;"[어린 동은] 하지 마!
그거 하지 마!"
302;1057181.125;1058307.25;"[어린 동은이 울부짖는다]"
303;1058891.1667;1061101.7084;"[어린 명오가 웃으며] 이야
문동은 존나 부자"
304;1061685.625;1062644.9167;"20만 원은 되겠는데?"
305;1062728.3334;1064313.25;"[어린 혜정] 그럼 오늘 이거
니가 쏘는 거야?"
306;1064396.6667;1065814.75;"너네 돈 많잖아"
307;1066315.25;1067733.3334;"이거 필요 없잖아!"
308;1069359.9584;1070611.2084;"[어린 동은의 떨리는 숨소리]"
309;1070694.625;1072404.6667;"부탁이야, 제발 돌려줘, 연진아"
310;1072988.5834;1076533.7917;"음, 이제 좀
공손해졌네, 문동은"
311;1077284.5417;1078118.7084;"그래"
312;1079661.9167;1080496.0834;"그럼 줄게"
313;1082748.3334;1084541.7917;"대신 우리 술 마실 동안 춤춰봐"
314;1085250.8334;1087461.375;"그럼 이 돈은 안 건들게, 어때?"
315;1088378.9584;1090130.7084;"- 뭐?
- [웃으며] 춤추라고"
316;1091548.7917;1093425.6667;"음주 가무에
음주만 있고 가무가 없잖아"
317;1095094;1096303.5417;"왜?"
318;1096386.9584;1097221.125;"싫어?"
319;1099681.9167;1101975.875;"정 싫으면
다른 선택지도 있기는 있어"
320;1103852.75;1105020.5834;"너네 집에 이런 것도 있더라"
321;1107564.7917;1109483.375;"넌 지금 되게 엉망진창이야"
322;1110275.8334;1111819.0417;"근데 자존심을 세우잖아?"
323;1113570.7917;1116573.7917;"그럼 더 되게 되게 되게
엉망진창이 된다?"
324;1118158.7084;1119201.4167;"그러니까 춤추라고"
325;1120619.5;1121495.375;"수치스럽게"
326;1122246.125;1123997.875;"[어린 연진의 비웃음]"
327;1124873.75;1126959.1667;"아이, 싫음 할 수 없고
[옅은 한숨]"
328;1129878.75;1132798.3334;"근데 오늘 보니까 문동은은…"
329;1136635.5;1137469.6667;"다리도 예쁘네?"
330;1139263.125;1140722.9167;"[불안한 음악]"
331;1143642.5;1144560.0834;"[어린 연진의 웃음]"
332;1147312.8334;1148939.4584;"- [어린 혜정] 선곡은 내가 한다
- [아그작 소리]"
333;1149523.375;1151441.9584;"나 벨 소리 존나 많아"
334;1151525.375;1153235.4167;"[낄낄거리며] 씨"
335;1153318.8334;1154570.0834;"[휴대폰 조작음]"
336;1154653.5;1156947.4584;"- [거북이의 '빙고'가 흘러나온다]
- [어린 혜정의 웃음]"
337;1161618.7917;1163495.6667;"[어린 동은의 비명]"
338;1164079.5834;1167541.375;"[계속되는 어린 동은의 비명]"
339;1171003.1667;1173714.2084;"[불안한 음악이 고조되다 끊긴다]"
340;1188562.375;1190147.2917;"[무거운 음악]"
341;1191982.4584;1192858.3334;"[바람이 휘 분다]"
342;1192941.75;1194234.7084;"[삐걱거리는 소리]"
343;1194318.125;1196320.125;"[타닥타닥 소리]"
344;1231313.4167;1233315.4167;"[바람이 휘휘 분다]"
345;1239071.1667;1240113.875;"[울음이 툭 터진다]"
346;1241323.4167;1242866.625;"[숨을 들이켠다]"
347;1242950.0417;1244952.0417;"[울음소리가 커진다]"
348;1251124.875;1253126.875;"[점점 크게 흐느낀다]"
349;1255712.7917;1257130.875;"[울음이 잦아든다]"
350;1259758.5;1261343.4167;"[슥슥거리는 소리]"
351;1263428.8334;1265430.8334;"[연신 슥슥거리는 소리]"
352;1309433.125;1311226.5834;"[힘겨운 숨소리]"
353;1311310;1313312;"[연신 탄식한다]"
354;1320235.5834;1322237.5834;"[흐느낀다]"
355;1327451.125;1329453.125;"[연신 흐느낀다]"
356;1339296.2917;1341298.2917;"[연신 흐느낀다]"
357;1347471.125;1350766.0834;"- [거북이의 '빙고'가 흘러나온다]
- [어린 혜정] 진짜요? 언제요?"
358;1352267.5834;1353226.875;"이따 다시 전화할게요"
359;1356146.4584;1357230.875;"야"
360;1357314.2917;1358398.7084;"문동은 자퇴했대"
361;1359191.1667;1360817.7917;"근데 자퇴서에
우리 이름 다 썼다는데?"
362;1361985.625;1363320.2917;"그걸 교감실에 직접 갖다 내서"
363;1363403.7084;1365238.875;"담임 지금 교감한테
존나 깨지고 있다는데?"
364;1367741.375;1368617.25;"체육이니?"
365;1369117.75;1369993.625;"[어린 명오] 때린 순이야?"
366;1370494.125;1371328.2917;"아, 가나다순이야?"
367;1371411.7084;1373288.5834;"[낄낄거리며 숨을 들이켠다]"
368;1373372;1374998.625;"내 이름이 몇 번째일까?"
369;1375707.6667;1377417.7084;"분위기 파악 안 되냐? 씨!"
370;1381755.375;1385509.125;"[큰 목소리로] 야!
전재준! 박연진! 와 봐 봐"
371;1385592.5417;1387594.5417;"[사사삭 설면 가르는 소리]"
372;1389471.4167;1390972.9167;"[사사삭 소리]"
373;1392307.5834;1393517.125;"[시원한 한숨]"
374;1393600.5417;1394768.375;"[담임] 야, 이 미친년아!"
375;1394851.7917;1395685.9584;"[불안한 음악]"
376;1395769.375;1397396;"자퇴를 하려면 곱게 해!"
377;1397896.5;1400315.5834;"넌 잘못한 게 없어?
단 하나도 없어?"
378;1401024.625;1403026.625;"이 정도면
너도 문제 있는 거야, 이, 씨!"
379;1403860.7917;1405237.1667;"[고함치며] 당장 와서
자퇴 사유 안 바꿔!"
380;1405320.5834;1407322.5834;"- [바스락 비닐 소리]
- [통화 종료음]"
381;1413245.1667;1414454.7084;"[전화벨이 울린다]"
382;1414538.125;1416123.0417;"- [사람들의 말소리]
- [남교사1의 한숨]"
383;1416206.4584;1417999.9167;"[남교사1] 이대로 교장실까지
올라가면"
384;1418083.3334;1420419;"김 선생님 근무 평가에
문제 생길 텐데…"
385;1421294.875;1423755.6667;"아니까, 좀, 네?"
386;1424673.25;1425632.5417;"[남교사1이 쩝 소리를 낸다]"
387;1426174.75;1428260.1667;"[멀리서 프린트기가 돌아간다]"
388;1430387.2917;1431388.2917;"[종이가 부스럭거린다]"
389;1432514.4167;1433348.5834;"너 이거 뭐야?"
390;1434724.9584;1437102.3334;"- [프린트기 종료음]
- 자퇴 사유 이거 뭐냐고?"
391;1438103.3334;1439062.625;"학교 폭력이요"
392;1440021.9167;1443066.625;"가해자는 박연진, 이사라
전재준, 최혜정, 손명오"
393;1445360.5834;1446194.75;"[불안한 음악]"
394;1446278.1667;1447696.25;"그리고 선생님은 방관하셨고요"
395;1447779.6667;1449197.75;"입 안 다물어, 이게 씨!"
396;1449781.6667;1451700.25;"니가 팔이 부러졌어
다리가 부러졌어?"
397;1451783.6667;1453910.7917;"니가 지금 사지 멀쩡해 가지고
잘도 돌아다니는데"
398;1453994.2084;1455162.0417;"뭐가 폭력이야?"
399;1455662.5417;1457205.75;"뭐가 방관이야?"
400;1457747.9584;1459916.7917;"너 그 정도면 정신병자야, 알아?"
401;1460000.2084;1461960.5;"친구끼리 한 대 때리고
그럴 수도 있는 거고!"
402;1462752.9584;1463587.125;"그 한 대는"
403;1465672.5417;1466923.7917;"왜 때려도 되는데요?"
404;1468758.9584;1469593.125;"뭐?"
405;1469676.5417;1472137.3334;"선생님 아들 교대 붙었다고
자랑했었죠?"
406;1475098.625;1477934.7917;"그럼 선생님 아들도 친구들한테
한 대 맞아도 괜찮으시겠어…"
407;1478018.2084;1479227.75;"[담임의 힘주는 신음]"
408;1480270.4584;1481229.75;"[쿵 떨어지는 소리]"
409;1481938.7917;1483482;"[담임이 한숨 쉬며] 이게
점잖게 대해주니까"
410;1484900.0834;1487152.3334;"니가 아주 날을 잡네?"
411;1487235.75;1489196.0417;"[어이없는 숨을 내쉬며] 아, 참"
412;1490614.125;1491448.2917;"내 아들이"
413;1491531.7084;1492491;"[담임의 힘주는 신음]"
414;1492574.4167;1493783.9584;"- [웅성거린다]
- [남교사2] 에헤이!"
415;1493867.375;1494701.5417;"[담임] 뭐가!"
416;1494784.9584;1495994.5;"[쿵 소리]"
417;1496077.9167;1496912.0834;"- [철썩 소리]
- 어째?"
418;1497621.125;1498705.5417;"다시 말해봐!"
419;1498788.9584;1499789.9584;"- 뭐라 그랬어!
- [철썩 소리]"
420;1499873.375;1501124.625;"일어나! 엄살 부리지 말고"
421;1501208.0417;1502042.2084;"야"
422;1502792.9584;1503627.125;"비켜봐"
423;1503710.5417;1505170.3334;"- 뭐라고?
- [남교사3] 김 선생님"
424;1505253.75;1507005.5;"- [담임] 일어나! 뭐라는 거야?
- [남교사3] 김 선생"
425;1507088.9167;1508298.4584;"아, 김 선생, 그만해, 이제 좀"
426;1508381.875;1510217.0417;"- 비켜봐, 야
- [철퍼덕 소리]"
427;1510884.375;1512302.4584;"- [남교사3] 김 선생!
- [담임] 비켜 봐요!"
428;1512385.875;1513637.125;"- [남교사3] 그만해!
- [담임] 야"
429;1513720.5417;1514846.6667;"- [남교사3] 김 선생!
- [담임] 일어나!"
430;1515514;1517641.125;"[멀리서 개가 짖는다]"
431;1518183.3334;1520227.0417;"[트로트 음악 벨 소리가 울린다]"
432;1520310.4584;1521686.8334;"[남자] 미스 정"
433;1521770.25;1522729.5417;"전화 오잖아"
434;1523522;1524564.7084;"[미스 정] 예, 가요!"
435;1525482.2917;1527317.4584;"- [콧소리 내며] 아이고, 진짜
- [손님] 왜 그래?"
436;1527400.875;1528235.0417;"[미스 정의 웃음]"
437;1528318.4584;1529903.375;"- [물소리가 멈춘다]
- [미스 정] 오빠, 잠깐만"
438;1530987.7917;1531821.9584;"아휴!"
439;1531905.375;1534032.5;"[벨 소리가 계속 울린다]"
440;1536284.75;1537494.2917;"네, 여보세요? [가쁜 숨소리]"
441;1539621.4167;1540455.5834;"[귀찮은 말투로] 예"
442;1540539;1541915.375;"[주전자 물이 끓는 소리]"
443;1542832.9584;1544125.9167;"내가 걔 엄마인데"
444;1544209.3334;1545043.5;"[옅은 한숨]"
445;1546378.1667;1547212.3334;"어디세요?"
446;1554928.375;1555762.5417;"[탁]"
447;1558598.7084;1561101.2084;"[담임] 열어보세요, 어머님
괜찮습니다"
448;1564688.125;1565897.6667;"[놀란 탄성] 어머머, 어머머머"
449;1565981.0834;1567899.6667;"- [놀란 탄성]
- [동은 모의 당황한 신음]"
450;1568900.6667;1569901.6667;"[종이가 바스락거린다]"
451;1569985.0834;1571278.0417;"- 아버님이
- [탁 놓는 소리]"
452;1571361.4584;1573446.875;"여기 사인 좀"
453;1573530.2917;1575949.375;"[남자] 아, 동은이 아빠는 아니고"
454;1576032.7917;1577534.2917;"뭐, 아빠 같은 사람인데요"
455;1577617.7084;1579119.2084;"[연진 모] 아, 그럼"
456;1580453.875;1581288.0417;"어머님이"
457;1581871.9584;1583415.1667;"- 아…
- [담임] 예"
458;1584624.7084;1585709.125;"[연진 모] 법적인 게"
459;1586334.75;1588128.2084;"가끔 중요하니까요 [옅은 웃음]"
460;1589170.9167;1590589;"저, 사인이"
461;1591339.75;1594175.9167;"없는데 그냥 이름 써도 되나요?"
462;1594259.3334;1595343.75;"[담임] 그럼요, 그럼요"
463;1596052.7917;1599431.1667;"거기 이름 쓰시고
내용도 새로 써주시면 됩니다"
464;1599973.375;1601933.6667;"- 내용이요?
- [살짝 웃으며] 아유, 짧아요"
465;1602017.0834;1603893.9584;"[또박또박 끊어서] 부적응"
466;1604686.4167;1606521.5834;"[무거운 효과음]"
467;1606605;1608982.375;"[쓸쓸한 음악]"
468;1617365.75;1618408.4584;"[부스럭 소리]"
469;1620827.5417;1621870.25;"[여인숙 주인] 뭐 놓고 갔니?"
470;1622996.375;1625457.1667;"너, 혹시 몰랐어?"
471;1626291.3334;1628084.7917;"얘, 니네 엄마 아침에 방 뺐어"
472;1629419.4584;1632088.7917;"아휴, 세상에, 애 교복을"
473;1633632;1635425.4584;"아휴, 연락 오겠지"
474;1636051.0834;1637093.7917;"엄마인데"
475;1640388.75;1641222.9167;"[여인숙 주인의 한숨]"
476;1641306.3334;1643516.875;"[슥슥 비질 소리]"
477;1645018.375;1647604.2917;"- [달그락 소리]
- [바스락 소리]"
478;1677384.0417;1679177.5;"[삭삭 마는 소리]"
479;1683556.875;1685058.375;"[문이 달칵 열린다]"
480;1688645.2917;1689646.2917;"[문이 달칵 닫힌다]"
481;1693775.4167;1695276.9167;"[새가 지저귄다]"
482;1707706;1709708;"[바람이 거세게 분다]"
483;1720844.125;1722053.6667;"[코를 훌쩍인다]"
484;1724597.875;1725932.5417;"[차분한 음악]"
485;1726015.9584;1729269.2084;"[쓱싹거리는 소리]"
486;1733022.9584;1733857.125;"[쫙]"
487;1733940.5417;1734816.4167;"[찰박거린다]"
488;1737652.5834;1738486.75;"[쫙 뿌리는 소리]"
489;1739779.7084;1740739;"[탁 놓는 소리]"
490;1743324.9167;1747412.3334;"[동은] 흉터는 가렵고
생리통으로 배는 끊어질 듯 아프고"
491;1747495.75;1748329.9167;"[싹 닦는 소리]"
492;1748997.25;1751166.0834;"- [어린 동은의 아파하는 신음]
- 그 순간 그런 생각이 들더라"
493;1751249.5;1752125.375;"[탁 놓는 소리]"
494;1753042.9584;1754377.625;"약국은 9시에 열고"
495;1754461.0417;1755670.5834;"[어린 동은이 연신 신음한다]"
496;1755754;1757338.9167;"한강은 20분만 걸으면 된다"
497;1757422.3334;1759424.3334;"[바람이 휘 분다]"
498;1759507.75;1760467.0417;"물은 차가울 거고"
499;1762218.7917;1763845.4167;"그럼 다 편해질 거야"
500;1764846.4167;1766139.375;"더는 가렵지 않을 거야"
501;1768266.5;1769142.375;"그게 어디야"
502;1771227.7917;1772228.7917;"이게 맞을 거야"
503;1772312.2084;1773772;"[강물이 출렁인다]"
504;1781488.0417;1782322.2084;"[힘주는 신음]"
505;1782405.625;1783239.7917;"[아파하는 신음]"
506;1785408.625;1786409.625;"[한숨]"
507;1788495.0417;1790497.0417;"[울먹이며 훌쩍인다]"
508;1793792;1795919.125;"[훌쩍이며 더 크게 울먹인다]"
509;1804594.4584;1805512.0417;"[탁 치는 소리]"
510;1822946.125;1825490.3334;"[더 크게 울부짖는다]"
511;1834749.5834;1836292.7917;"[어린 연진] 문동은 정도면"
512;1837335.5;1838670.1667;"예쁜 얼굴인가?"
513;1838753.5834;1839838;"남자들이 보기에?"
514;1842173.6667;1843007.8334;"[어린 재준] 글쎄다"
515;1843633.4584;1844717.875;"[어린 연진] 야, 연기하지 말고"
516;1847136.9584;1848721.875;"[어린 재준] 얼굴만 예쁜 게
아니란 뜻이었어"
517;1850473.625;1852100.25;"그럼 문동은 입은
니가 막지 그랬냐?"
518;1852183.6667;1853101.25;"아, 치워, 무거워"
519;1853852;1854686.1667;"[방문이 달칵 열린다]"
520;1855687.1667;1856813.2917;"야, 어디 가?"
521;1857355.5;1858189.6667;"술 사러?"
522;1858690.1667;1859732.875;"최혜정 시켜"
523;1861359.5;1862569.0417;"술이면 내가 갔지"
524;1863152.9584;1864404.2084;"[어린 사라] 새벽 예배"
525;1864487.625;1868449.9167;"아 씨, 꼰대가 당장 안 오면은
작업실 없애버린대, 씨발"
526;1869242.375;1871703.1667;"수능 특별 예배라고
너네까지 델꼬 오라는 거"
527;1871786.5834;1872912.7084;"내가 간신히 말렸다"
528;1872996.125;1873872;"야"
529;1874539.3334;1875999.125;"다신 너 안 찾게 해줘?"
530;1876082.5417;1877500.625;"- [불안한 음악]
- 너 흰 티 몇 개 있어?"
531;1878209.6667;1879294.0834;"[신도들] 아멘!"
532;1879794.5834;1880628.75;"[마이크를 딸각 켠다]"
533;1881337.7917;1882672.4584;"[사라 부] 예수께서 말씀하시길"
534;1884465.9167;1889137.25;"'누가 오른뺨을 치거든
왼뺨까지 마저 돌려대고'"
535;1889888;1891014.125;"[신도들] 아멘!"
536;1891097.5417;1893016.125;"[사라 부] '또 속옷을
가지려고 하거든'"
537;1893099.5417;1894809.5834;"'겉옷까지도 내주어라'"
538;1894893;1896227.6667;"[신도들] 아멘!"
539;1896311.0834;1898605.0417;"'누가 억지로
오 리를 가자고 하거든'"
540;1898688.4584;1899772.875;"'십 리까지 같이 가주…'"
541;1900857.2917;1902150.25;"[신도들] 아멘!"
542;1902233.6667;1904611.0417;"- [사라 부] 주여, 믿습니다
- [신도들] 아멘!"
543;1904694.4584;1907739.1667;"[웃으며] 사라 아빠 삑사리
장난 아니었어"
544;1907822.5834;1909657.75;"니가 그 얼굴 봤어야 되는 건데"
545;1909741.1667;1911409.5;"너무 볼 게 없어서
놀란 거 아니고?"
546;1913661.75;1914913;"[어린 사라가 작게] 야…"
547;1914996.4167;1915955.7084;"[어린 연진] 나 쪼코우유"
548;1916039.125;1916873.2917;"어?"
549;1919876.2917;1920710.4584;"어"
550;1922337.0834;1924255.6667;"- [어린 혜정] 니들은?
- [어린 사라] 아, 혜정아!"
551;1925048.125;1926716.4584;"아, 나 금식기도 주간이라니까?"
552;1927508.9167;1928968.7084;"- 아, 씨…
- [여학생이 흐느낀다]"
553;1929636.0417;1931137.5417;"[발소리가 멀어진다]"
554;1931220.9584;1933973.7084;"야, 경란아
너 언제까지 울 거야, 밤샐래?"
555;1934599.3334;1936517.9167;"질질 짜지 마, 이 씨발년아"
556;1936601.3334;1937644.0417;"[어린 경란이 연신 흐느낀다]"
557;1937727.4584;1939854.5834;"[어린 명오] 아이, 씨발
시끄럽게 진짜, 씨"
558;1940688.75;1942398.7917;"[어린 경란이 울먹인다]"
559;1942482.2084;1943900.2917;"- [어린 사라] 쉿!
- [어린 경란의 놀란 신음]"
560;1943983.7084;1945944;"경란아, 이번에도 소리 지르면"
561;1946027.4167;1947820.875;"- 입에다 넣는다
- [흐느낀다]"
562;1947904.2917;1949864.5834;"- 응?
- [어린 경란이 연신 흐느낀다]"
563;1954827.875;1955662.0417;"쟤 뭐 해?"
564;1956746.4584;1958456.5;"[어린 명오가 낄낄거린다]"
565;1958539.9167;1959666.0417;"[탁 커튼 젖히는 소리]"
566;1966673.0417;1969634.3334;"[발소리가 점점 다가온다]"
567;1971260.9584;1973262.9584;"[스산한 음악]"
568;1976474.5;1977517.2084;"[어린 사라] 돌았네?"
569;1978017.7084;1979143.8334;"지 발로 여길 왔어?"
570;1983856.875;1986317.6667;"[어린 연진] 와, 문동은"
571;1988361.375;1989696.0417;"보고 싶어 죽는 줄"
572;1991030.7084;1992323.6667;"너 말도 없이 자퇴했더라?"
573;1993533.2084;1994701.0417;"너 꿈 말이야"
574;1995410.0834;1996744.75;"싸이월드에 써 있는 거"
575;1997495.5;1998329.6667;"'현모양처'"
576;1999038.7084;1999998;"그거 진짜야?"
577;2000081.4167;2001207.5417;"[어린 사라] 진짜?"
578;2001290.9584;2002709.0417;"[어이없는 듯 웃으며] 너
그렇게 써놨어?"
579;2003251.25;2004544.2084;"[쿡 웃는다]"
580;2004627.625;2006295.9584;"- [저마다 킥킥거린다]
- [어린 연진] 이…"
581;2006963.2917;2008464.7917;"개뜬금 질문은 뭐지?"
582;2009215.5417;2010299.9584;"[어린 동은] 이사라는 그림"
583;2010967.2917;2012635.625;"전재준은
골프장 물려받는다고 하고"
584;2013219.5417;2014512.5;"최혜정은 승무원"
585;2015138.125;2017640.625;"넌 꿈이 진짜 현모양처냐고"
586;2018558.2084;2019976.2917;"[어린 명오] 야, 이 씨발"
587;2020560.2084;2021853.1667;"나 왜 빼? 어?"
588;2022437.0834;2024814.4584;"나도 꿈 있어, 내 꿈 백만장자야"
589;2025481.7917;2027525.5;"[픽 웃으며] 난 꿈이 없지, 동은아"
590;2028568.2084;2030111.4167;"꿈은 너네가 갖는 거지"
591;2030653.625;2031487.7917;"너나"
592;2032488.7917;2033698.3334;"얘나, 쟤가"
593;2034782.75;2036868.1667;"난 너네가 꿈 이루면
돈 주고 부리는 거고"
594;2039787.75;2041622.9167;"난 꿈이 아니라 직업이 필요하지"
595;2041706.3334;2043458.0834;"적당히 안 짜치는 그런 직업"
596;2044000.2917;2045001.2917;"[숨을 씁 들이켠다]"
597;2045084.7084;2048046;"그리고 가장 어리고 예쁠 때
결혼을 하겠지?"
598;2048129.4167;2051466.0834;"조건 좋은 남자를 골라서?
뭐, 아이는 한두 명?"
599;2052842.4584;2054719.3334;"그리고 오래오래 행복하게 살겠지"
600;2054802.75;2056804.75;"[피식거리며] 이걸 달리"
601;2056888.1667;2058347.9584;"정리할 말이 없잖아?"
602;2059140.4167;2060016.2917;"[어린 사라] 있는데"
603;2060933.875;2061934.875;"지랄"
604;2062018.2917;2063311.25;"[어린 연진] 씨발, 좀, 사라야"
605;2064353.9584;2065188.125;"무서워"
606;2065813.75;2066856.4584;"[어린 사라가 작게 키득거린다]"
607;2068816.75;2069650.9167;"그래서?"
608;2071694.625;2072570.5;"넌 꿈이 뭔데?"
609;2075490.0834;2076324.25;"너"
610;2078910.1667;2080203.125;"오늘부터 내 꿈은 너야"
611;2082205.125;2083039.2917;"우리 꼭"
612;2084749.3334;2085750.3334;"또 보자, 박연진"
613;2090379.9584;2091339.25;"[살짝 웃는다]"
614;2094133.7084;2095259.8334;"[쿡쿡 웃는다]"
615;2096385.9584;2097762.3334;"[어린 동은이 쿡쿡 웃는다]"
616;2099597.5;2102517.0834;"[어린 동은이 연신 웃는다]"
617;2104519.0834;2105478.375;"[어이없는 웃음]"
618;2106187.4167;2107480.375;"[덜걱거리는 기계음]"
619;2113486.375;2114821.0417;"[지잉 하는 기계음]"
620;2116489.375;2118616.5;"[출렁이는 물소리]"
621;2122662.2084;2124080.2917;"[첨벙 소리]"
622;2124705.9167;2126249.125;"[쿵쿵 젓는 소리]"
623;2126332.5417;2127583.7917;"[시끄러운 기계음]"
624;2140596.7917;2142265.125;"꼴값 떨지 말고, 안 치워?"
625;2142348.5417;2144517.375;"아휴, 살살 하세요"
626;2144600.7917;2147019.875;"얘 팔이랑 다리에
담배빵 장난 아니에요"
627;2148729.9167;2149564.0834;"[작업반장] 똑바로 해"
628;2154026.875;2155278.125;"[스팀 소리]"
629;2155361.5417;2157321.8334;"[아름다운 음악]"
630;2157405.25;2158573.0834;"[카트가 덜컹거린다]"
631;2164745.9167;2166747.9167;"[빠른 타자음]"
632;2171294.125;2172587.0834;"[연신 타자를 친다]"
633;2174130.2917;2175256.4167;"[마우스 클릭음]"
634;2184765.9167;2186017.1667;"[다가오는 발소리]"
635;2192273.4167;2193316.125;"[발소리가 탁 난다]"
636;2210166.2917;2211500.9584;"[끽끽거리는 발소리]"
637;2228059.1667;2229268.7084;"[문을 달칵 닫는다]"
638;2246494.25;2247954.0417;"[온갖 기계음이 연신 난다]"
639;2269475.5417;2271477.5417;"[퇴근 종소리가 울린다]"
640;2276983.0417;2278985.0417;"[퇴근 종소리가 연신 울린다]"
641;2287493.5417;2288327.7084;"[여자] 저기요"
642;2294583.9584;2296419.125;"아니, 방해하려는 건
아니고요, 언니"
643;2297837.2084;2299547.25;"아, 그… 저는"
644;2299630.6667;2302174.875;"[또박또박 끊어서] 스무 살이고
구성희인데요"
645;2302800.5;2306053.75;"언니, 이번 달 말에
공장 그만두신다면서요"
646;2306887.9167;2309307;"그래서 그만두시기 전에 그냥"
647;2309390.4167;2311684.375;"[살짝 웃으며] 말 한번
걸어보고 싶어가지고"
648;2313894.9167;2315730.0834;"나도요, 고마웠어요"
649;2316314;2317148.1667;"뭐가요?"
650;2318441.125;2319275.2917;"까치발요"
651;2320192.875;2322028.0417;"[기뻐하는 탄성] 아… 보셨구나"
652;2323070.75;2324822.5;"암튼 축하해요, 언니"
653;2324905.9167;2327241.5834;"언니 대학 합격했다고 그러던데?"
654;2327992.3334;2330119.4584;"아, 좋겠어요, 언니는"
655;2330202.875;2332997.3334;"대학 가면 미팅도 하고
남친도 생기고"
656;2333497.8334;2334623.9584;"[성희의 웃음]"
657;2336208.875;2337710.375;"그쪽은 아닌데"
658;2338544.5417;2341464.125;"꼭 가야 할 곳이 있어서
가는 거예요"
659;2342590.25;2344133.4584;"꼭 가야 할 곳이 어딘데요?"
660;2346052.0417;2348637.9584;"삼성이요? 현대요?"
661;2348721.375;2350181.1667;"[잔잔한 음악]"
662;2355853.5;2357104.75;"[동은] 진짜였어, 연진아"
663;2358147.4584;2361359;"그날부터 내 꿈은 오직 너였어"
664;2366822.7917;2368574.5417;"- [포스기 조작음]
- [동은] 차가운 거 주시고"
665;2368657.9584;2370534.8334;"- 커피 제일 찐한 거 주세요
- [밝은 음악이 흘러나온다]"
666;2370618.25;2371452.4167;"졸려서요"
667;2371535.8334;2373579.5417;"[카페 직원] 아이스아메리카노에
샷 추가해 드려요?"
668;2374246.875;2376207.1667;"어, 네, 그거 주세요"
669;2376290.5834;2377291.5834;"[포스기 조작음]"
670;2378209.1667;2379043.3334;"[부스럭 지폐 소리]"
671;2379126.75;2380961.9167;"[카페 직원] 음료는
픽업대에서 받으세요"
672;2381045.3334;2382463.4167;"뒤에 분 주문 도와드릴게요"
673;2385758.375;2388094.0417;"[남자1] 저희 아아 하나랑
따뜻한 모카라테 하나요"
674;2388177.4584;2389512.125;"그, 라테는 휘핑크림 왕창"
675;2389595.5417;2391222.1667;"초코 드리즐
아낌없이 뿌려주시고요"
676;2391305.5834;2392306.5834;"계산은 각자 하고"
677;2392390;2394308.5834;"쿠폰은 제 거에 둘 다
찍어주시면 감사하겠습니다"
678;2394809.0834;2396560.8334;"[남자2] 그럴 줄 알고
난 지갑을 안 들고 왔지"
679;2396644.25;2397561.8334;"- [남자1] 이, 씨
- [남자2의 웃음]"
680;2397645.25;2398979.9167;"[카페 직원] 음료는
픽업대에서 받으세요"
681;2399063.3334;2399897.5;"[잔잔한 음악]"
682;2399980.9167;2401774.375;"뒤에 분 주문 받을게요"
683;2403025.625;2404860.7917;"[남자1] 그러다 태산 모아서
티끌 된다, 진짜, 형"
684;2404944.2084;2405778.375;"[남자2] 여정이 형"
685;2406487.4167;2407530.125;"쿠폰 모아 태산도 돼요"
686;2407613.5417;2408948.2084;"[웃으며] 쿠폰 모아서
어떻게 태산이 됩니까?"
687;2409031.625;2410074.3334;"[남자2] 아, 좀 도와주세요"
688;2410157.75;2411742.6667;"이럴 때만 형이지, 맨날 사달래"
689;2411826.0834;2413411;"형으로서 좀, 형 노릇 한 번 해라"
690;2413494.4167;2414328.5834;"[남자2] 알았어"
691;2415663.25;2417706.9584;"[한숨] 쿠폰 모아
태산 되면 되잖아"
692;2417790.375;2419250.1667;"[여정] 그걸론
태산이 될 수가 없어"
693;2419333.5834;2420876.7917;"- [남자2의 웃음]
- 그걸로 어떻게 태산이 돼?"
694;2421877.7917;2422920.5;"[멀리 사람들이 웅성댄다]"
695;2425548.125;2427091.3334;"[다가오는 차 소리]"
696;2428092.3334;2429635.5417;"[재학생들] 환영합니다!"
697;2431220.4584;2433222.4584;"[재학생들의 계속되는 환영 인사]"
698;2438185.75;2439645.5417;"[동은] 매일 생각했어, 연진아"
699;2440813.375;2443315.875;"난 너를 어디서 재회해야 할까?"
700;2445276.1667;2446694.25;"모든 것을 다 가진 니가"
701;2447695.25;2449280.1667;"세상 누구도 두렵지 않을 니가"
702;2450990.2084;2455536.4167;"순간이나마 내가
두려울 곳은 과연 어딜까?"
703;2458581.125;2460416.2917;"아무리 생각해도 거기뿐이라"
704;2462501.7084;2465087.625;"- [밖에서 아이들 노는 소리]
- 60제곱미터의"
705;2465171.0417;2466464;"나만의 체육관 말이야"
706;2469175.0417;2470509.7084;"우와"
707;2470593.125;2472178.0417;"꼭 동화 같아요"
708;2474096.625;2477224.75;"[동은] 난, 아주 말캉하고 뽀얀"
709;2478476;2482146.3334;"니가 제일 아끼는
고데기를 들 거야, 연진아"
710;2482229.75;2483731.25;"[비장한 음악]"
711;2483814.6667;2485232.75;"내 얘기가 동화 같아?"
712;2485316.1667;2486275.4584;"네"
713;2486358.875;2489528.7084;"근데 우리 엄마가
주인공이 아니어서 좀…"
714;2490905.0834;2492156.3334;"왜 아닌 거 같은데?"
715;2492239.75;2494408.5834;"우리 엄마는 부자니까요"
716;2495034.2084;2497912.0834;"주인공들은 원래 다 가난하니까"
717;2500789.9584;2501874.375;"아니야, 틀렸어"
718;2503209.0417;2505628.125;"이 이야기는
예솔이 엄마가 주인공이야"
719;2507213.0417;2508130.625;"이 이야기는…"
720;2509298.4584;2510424.5834;"동화가 아니라"
721;2511467.2917;2512301.4584;"우화거든"
722;2515971.7917;2518516;"[연진] 가시거리가 1km 이하인
짙은 안개를"
723;2519225.0417;2520100.9167;"농무라고 하죠"
724;2520851.6667;2523938.0834;"어제에 이어 오늘도
안개주의보가 내려졌습니다"
725;2524522;2527942.0834;"비행기의 순항을 망치는 건
태풍이나 낙뢰가 아닌"
726;2528025.5;2530528;"바로 안개라는 사실
알고 계십니까?"
727;2530611.4167;2532863.6667;"[동은] '사람이 만약
그의 이웃을 상하였으면'"
728;2532947.0834;2534865.6667;"'그가 행한 대로
그에게 행할 것이니'"
729;2534949.0834;2535908.375;"[작게 중얼거린다]"
730;2535991.7917;2538661.125;"[연진] 사고 발생 건수는
맑은 날이 가장 많지만"
731;2538744.5417;2541247.0417;"치사율은 안개 낀 날이
가장 높다고 합니다"
732;2541830.9584;2543666.125;"모두 안개에 조심하시길 바랍니다"
733;2544291.75;2545334.4584;"박연진이었습니다"
734;2546168.625;2547002.7917;"[TV 리모컨 조작음]"
735;2548921.375;2549838.9584;"[달칵 놓는 소리]"
736;2550339.4584;2553717.8334;"[동은] '눈에는 눈으로
이에는 이로'"
737;2554343.4584;2555511.2917;"'파상은 파상으로'"
738;2556971.0834;2559390.1667;"'때린 것은 때림으로 갚을지니'"
739;2562434.875;2563310.75;"글쎄?"
740;2565521.2917;2566564;"그건 너무"
741;2567398.1667;2569066.5;"페어플레이 같은데요?"
742;2570651.4167;2571485.5834;"여러분"
743;2571986.0834;2573946.375;"[음악이 점점 고조된다]"
744;2584957.375;2586959.375;"[의미심장한 음악]"